Experimento ;Bloque ;Cama;Tratamiento;Fecha_corte;Individuo;Tallos;D_tallo;Flores;D_flor;L_ped;Peso;L_corte;Puntos;L_tallo
1;5;34;Solarizada;2016-09-07;1;10;5;1;6.5;23;280;70;3;77
1;5;34;Solarizada;2016-09-07;2;10;4;1;5.5;33;300;70;2;78
1;5;34;Solarizada;2016-09-09;1;10;6;1;7.5;24;305;70;3;81
1;5;34;Solarizada;2016-09-09;2;10;5;2;8;15;310;70;3;77.5
1;5;34;Solarizada;2016-09-09;3;10;4;1;7;17;280;65;2;77
1;5;34;Solarizada;2016-09-09;4;10;4;1;6.5;26;270;70;2;79
1;5;34;Solarizada;2016-09-09;5;10;5;2;8;19;370;65;3;78.5
1;5;34;Solarizada;2016-09-11;1;10;3;1;7;21;285;65;2;77.5
1;5;34;Solarizada;2016-09-11;2;10;4;3;7.5;17;240;69;2;78
1;5;34;Solarizada;2016-09-11;3;10;4;1;6.5;15;245;66;2;75.5
1;5;34;Solarizada;2016-09-11;4;10;4;1;8;17;240;70;3;75
1;5;34;Solarizada;2016-09-11;5;10;4;2;7;15.5;220;67;2;69.5
1;5;34;Solarizada;2016-09-13;1;10;4;1;5.5;22;245;70;4;73.5
1;5;34;Solarizada;2016-09-13;2;12;3;1;6.5;23;240;71;2;80
1;5;34;Solarizada;2016-09-13;3;12;4;1;6.5;24;255;68;3;74
1;5;35;Basamid;2016-09-07;1;10;4;2;6.5;28;220;72;3;83
1;5;35;Basamid;2016-09-07;2;10;5;1;6.5;29;230;75;3;89.5
1;5;35;Basamid;2016-09-07;3;10;6;1;7;23;280;69;3;86.5
1;5;35;Basamid;2016-09-07;4;10;4;1;6.5;23;300;69;4;89
1;5;35;Basamid;2016-09-07;5;10;5;1;6;28;310;61;3;85.75
1;5;35;Basamid;2016-09-09;1;10;6;1;8;23;330;69;3;82
1;5;35;Basamid;2016-09-09;2;10;5;2;6.9;24;360;71;3;88.5
1;5;35;Basamid;2016-09-09;3;10;4;1;7.2;20;430;75;3;86
1;5;35;Basamid;2016-09-09;4;10;4;1;5.9;18;350;72;2;87
1;5;35;Basamid;2016-09-09;5;10;5;1;7;19;280;75;3;78
1;5;35;Basamid;2016-09-11;1;10;5;1;7;18;220;73;3;85.5
1;5;35;Basamid;2016-09-11;2;10;4;1;7.5;22;225;70;4;84.5
1;5;35;Basamid;2016-09-11;3;10;3;1;8;14;250;69;3;84.5
1;5;35;Basamid;2016-09-11;4;10;4;1;8;17;235;63;2;84
1;5;35;Basamid;2016-09-11;5;10;4;2;7;13;230;61;2;94
1;5;36;Hongos;2016-09-09;1;10;4;2;5.8;25;330;75;3;83
1;5;36;Hongos;2016-09-09;2;10;6;1;6.2;28;360;70;3;81
1;5;36;Hongos;2016-09-09;3;10;6;1;5.3;19;430;71;2;81
1;5;36;Hongos;2016-09-09;4;10;5;1;6.4;31;350;75;3;87
1;5;36;Hongos;2016-09-09;5;10;6;1;7.2;22;280;72;3;84.5
1;5;36;Hongos;2016-09-11;1;10;3;1;7;16.5;240;70;4;88
1;5;36;Hongos;2016-09-11;2;10;3;1;8;21;300;69;3;82
1;5;36;Hongos;2016-09-11;3;10;4;1;7.5;22;250;72;3;87.5
1;5;36;Hongos;2016-09-11;4;10;4;1;8;19;200;73;2;81.5
1;5;36;Hongos;2016-09-11;5;10;5;2;7;20;245;70;3;88.5
1;5;36;Hongos;2016-09-13;1;10;4;2;5.5;19;255;70;3;88.5
1;5;36;Hongos;2016-09-13;2;12;4;1;6;21;265;71;2;81.5
1;5;36;Hongos;2016-09-13;3;11;4;1;6.5;22;260;69;2;84.5
1;5;36;Hongos;2016-09-13;4;12;3;1;6;23;280;75;2;89
1;5;36;Hongos;2016-09-13;5;12;4;1;6;21;270;68;2;79
1;5;37;Nada;2016-09-07;1;10;5;2;5.5;14;280;70;2;77.5
1;5;37;Nada;2016-09-07;2;10;4;1;6.5;18;220;73;3;68
1;5;37;Nada;2016-09-07;3;10;4;1;6.5;21;250;72;3;80
1;5;37;Nada;2016-09-07;4;10;5;1;6.5;23;230;75;3;80
1;5;37;Nada;2016-09-07;5;10;3;1;6.5;23;221;70;2;76
1;5;37;Nada;2016-09-09;1;10;7;2;6.8;25;280;80;2;86.5
1;5;37;Nada;2016-09-09;2;10;6;2;7.2;22;290;75;3;92
1;5;37;Nada;2016-09-09;3;10;5;1;5.9;30;240;70;3;79
1;5;37;Nada;2016-09-09;4;10;5;1;6.2;28;270;80;3;85.5
1;5;37;Nada;2016-09-09;5;10;4;1;7;21;300;65;3;88
1;5;37;Nada;2016-09-11;1;10;5;1;7.5;18;270;69;3;71.5
1;5;37;Nada;2016-09-11;2;10;5;1;8;22;265;70;4;70.5
1;5;37;Nada;2016-09-11;3;10;4;1;8;14;290;75;3;75
1;5;37;Nada;2016-09-11;4;10;3;2;7;17;240;75;2;68.5
1;5;37;Nada;2016-09-11;5;10;4;2;8;13;280;74;2;83
1;7;135;Basamid;2016-09-03;1;6;5;1;5;32;240;75;3;75.5
1;7;135;Basamid;2016-09-03;2;8;6;1;4.3;33;260;70;3;77.5
1;7;135;Basamid;2016-09-03;3;7;5;2;4.5;28;250;72;2;72.5
1;7;135;Basamid;2016-09-03;4;7;6;1;5;30;250;75;3;76.5
1;7;135;Basamid;2016-09-03;5;7;5;1;5.3;31;260;70;3;77.5
1;7;135;Basamid;2016-09-05;1;6;4;1;7;31;270;70;3;86
1;7;135;Basamid;2016-09-05;2;6;4.5;2;8;21;270;75;2;79.5
1;7;135;Basamid;2016-09-05;3;7;5;1;7;29;280;75;2;72
1;7;135;Basamid;2016-09-05;4;6;4;1;8;32;260;75;3;84
1;7;135;Basamid;2016-09-05;5;7;4.5;1;6;27;270;80;3;83.5
1;7;135;Basamid;2016-09-06;1;6;5;2;6.1;23;250;70;3;87
1;7;135;Basamid;2016-09-06;2;8;7;1;6.5;20;250;72;3;79.5
1;7;135;Basamid;2016-09-06;3;7;6;1;5.8;28;260;75;2;85
1;7;135;Basamid;2016-09-06;4;7;4;1;6.6;22;240;70;3;72.5
1;7;135;Basamid;2016-09-06;5;7;5;1;5.5;19;260;72;3;88.5
1;7;135;Basamid;2016-09-08;1;10;5;1;6.2;22;300;70;2;88
1;7;135;Basamid;2016-09-08;2;10;6;2;5.9;18;310;70;2;76.5
1;7;135;Basamid;2016-09-08;3;10;7;1;6.8;23;300;75;3;78.5
1;7;135;Basamid;2016-09-08;4;10;4;1;5.3;26;320;80;2;72.5
1;7;135;Basamid;2016-09-08;5;10;4;2;4.9;19;340;75;3;76.5
1;7;135;Basamid;2016-09-10;1;10;3;1;4.8;23;230;75;3;83.5
1;7;135;Basamid;2016-09-10;2;10;4;2;5.9;30;240;70;3;81
1;7;135;Basamid;2016-09-10;3;10;5;1;6.5;29;260;80;3;86
1;7;135;Basamid;2016-09-10;4;10;3;2;5.7;22;250;65;2;84.5
1;7;135;Basamid;2016-09-10;5;10;3;2;7.5;25;230;70;3;84.5
1;7;136;Hongos;2016-09-03;1;6;6;1;5.5;31;240;70;3;80.75
1;7;136;Hongos;2016-09-03;2;7;4;1;4.5;31;250;75;2;89
1;7;136;Hongos;2016-09-03;3;6;6;1;5.3;28;260;70;2;63.5
1;7;136;Hongos;2016-09-03;4;7;6;1;5.6;26;270;72;2;71.5
1;7;136;Hongos;2016-09-03;5;7;6;1;6;28;240;75;3;75.5
1;7;136;Hongos;2016-09-05;1;7;5;1;8;23;280;75;4;85.5
1;7;136;Hongos;2016-09-05;2;7;5;1;8;23;260;80;3;85.5
1;7;136;Hongos;2016-09-05;3;5;6;2;8;22;270;75;3;80
1;7;136;Hongos;2016-09-05;4;5;5;2;7;20;260;70;3;85.5
1;7;136;Hongos;2016-09-05;5;6;4;1;8;19;250;80;3;82.5
1;7;136;Hongos;2016-09-06;1;7;5;1;5.8;23;260;70;3;78.5
1;7;136;Hongos;2016-09-06;2;7;6;1;6;28;240;65;2;88.5
1;7;136;Hongos;2016-09-06;3;7;4;1;5.3;17;270;75;2;84
1;7;136;Hongos;2016-09-06;4;7;6;2;6.4;22.5;260;70;2;79.5
1;7;136;Hongos;2016-09-06;5;8;5;1;6.2;25;270;70;3;85
1;7;136;Hongos;2016-09-07;1;10;3;1;7.5;21;310;75;3;72.5
1;7;136;Hongos;2016-09-07;2;10;5;2;8;24;440;76;3;79
1;7;136;Hongos;2016-09-07;3;10;4;2;7.5;24;350;70;3;83.5
1;7;136;Hongos;2016-09-07;4;10;4;2;8;22;290;70;3;85.5
1;7;136;Hongos;2016-09-07;5;10;4;1;7;25;390;75;3;82.5
1;7;136;Hongos;2016-09-08;1;10;4;1;5.3;13;300;80;3;83.5
1;7;136;Hongos;2016-09-08;2;10;6;2;5.6;19;350;75;2;84.5
1;7;136;Hongos;2016-09-08;3;10;6;1;6.2;27;330;80;3;81.5
1;7;136;Hongos;2016-09-08;4;10;6;2;6.9;21;340;70;3;86.5
1;7;136;Hongos;2016-09-08;5;10;5;1;5.3;31;450;70;2;87.5
1;7;136;Hongos;2016-09-10;1;9;3;1;6.2;23;260;70;3;86
1;7;136;Hongos;2016-09-10;2;8;4;2;6.2;27;240;75;3;67.5
1;7;136;Hongos;2016-09-10;3;10;5;1;7.8;22;250;75;3;75.5
1;7;136;Hongos;2016-09-10;4;8;3;1;5.5;26;250;70;3;70
1;7;136;Hongos;2016-09-10;5;10;4;1;5.3;28;260;65;3;69
1;7;137;Solarizada;2016-09-03;1;7;5;1;7;22.25;260;70;3;76.5
1;7;137;Solarizada;2016-09-03;2;7;5;1;5;32;265;77;2;77
1;7;137;Solarizada;2016-09-03;3;6;5;1;7;27.5;225;74;2;87.5
1;7;137;Solarizada;2016-09-03;4;6;6;1;6;25.25;260;72;2;71
1;7;137;Solarizada;2016-09-03;5;7;6;1;6.5;24;260;74;3;77.5
1;7;137;Solarizada;2016-09-05;1;6;6;1;5.8;32;260;80;3;75
1;7;137;Solarizada;2016-09-05;2;7;5;1;5.6;28;260;75;3;79
1;7;137;Solarizada;2016-09-05;3;7;5;1;4.9;30;250;75;3;84
1;7;137;Solarizada;2016-09-05;4;7;6;1;5.2;25;270;80;2;81.5
1;7;137;Solarizada;2016-09-05;5;6;5;1;5.6;30;250;70;2;70.5
1;7;137;Solarizada;2016-09-07;1;10;4;1;8;18;320;70;3;84
1;7;137;Solarizada;2016-09-07;2;10;4;1;8.5;25;460;70;3;83
1;7;137;Solarizada;2016-09-07;3;10;5;2;7;19;420;70;2;86.5
1;7;137;Solarizada;2016-09-07;4;10;5;1;8;19;360;75;2;87
1;7;137;Solarizada;2016-09-07;5;10;4;1;8;20;320;70;2;79
1;7;137;Solarizada;2016-09-08;1;10;4;1;6.5;28;290;70;3;86.5
1;7;137;Solarizada;2016-09-08;2;10;6;1;6.2;21;300;80;3;74.5
1;7;137;Solarizada;2016-09-08;3;10;4;2;5.9;22;210;70;2;81.5
1;7;137;Solarizada;2016-09-08;4;10;4.5;1;5.5;20;240;70;3;73.5
1;7;137;Solarizada;2016-09-08;5;10;6;1;6.8;19;270;75;2;72.5
1;7;137;Solarizada;2016-09-10;1;12;4;1;6.8;20;240;69;3;86
1;7;137;Solarizada;2016-09-10;2;13;3;1;7.2;22;260;70;3;69.5
1;7;137;Solarizada;2016-09-10;3;10;3;1;5.9;30;240;72;3;64.5
1;7;137;Solarizada;2016-09-10;4;11;5;1;5.2;28;260;70;3;75
1;7;137;Solarizada;2016-09-10;5;12;4;1;6.2;23;320;75;3;77
1;7;138;Nada;2016-09-03;1;5;6;1;6;20.23;275;;3;82
1;7;138;Nada;2016-09-03;2;6;5;1;6;21.25;250;;2;77
1;7;138;Nada;2016-09-03;3;8;6;1;6.5;19.22;290;;3;77
1;7;138;Nada;2016-09-03;4;7;5;1;6;17.21;245;;3;83
1;7;138;Nada;2016-09-03;5;6;5;1;7;15.25;270;;3;75
1;7;138;Nada;2016-09-05;1;6;5;1;6.2;32;240;75;3;79.5
1;7;138;Nada;2016-09-05;2;5;6;1;5.8;28;250;75;3;80.5
1;7;138;Nada;2016-09-05;3;7;4;1;5.3;25;250;80;2;80.5
1;7;138;Nada;2016-09-05;4;5;5;1;6.8;28;260;65;3;74
1;7;138;Nada;2016-09-05;5;7;5;1;5.5;28;260;80;3;77.5
1;7;138;Nada;2016-09-07;1;10;4;1;8;22;350;70;2;77.5
1;7;138;Nada;2016-09-07;2;10;5;1;8;28;400;72;2;77
1;7;138;Nada;2016-09-07;3;10;4;2;7.5;21;360;72;3;80.5
1;7;138;Nada;2016-09-07;4;10;5;2;6.3;21.5;480;74;3;70
1;7;138;Nada;2016-09-07;5;10;4;1;8.3;24;350;75;3;79.5
1;7;138;Nada;2016-09-08;1;10;5;2;6.3;31;260;75;3;75.5
1;7;138;Nada;2016-09-08;2;10;4;1;5.8;28;320;75;3;81.5
1;7;138;Nada;2016-09-08;3;10;5;1;6.2;29;380;75;3;78.5
1;7;138;Nada;2016-09-08;4;10;6;1;6.1;18;300;75;3;82.5
1;7;138;Nada;2016-09-08;5;10;6;1;5.3;22;310;75;2;83.5
1;7;138;Nada;2016-09-10;1;10;4;1;5.9;27;270;70;3;83
1;7;138;Nada;2016-09-10;2;9;4;1;6.2;22;260;70;3;81.5
1;7;138;Nada;2016-09-10;3;8;3;1;5.2;26;270;70;3;81.5
1;7;138;Nada;2016-09-10;4;14;5;1;6.8;28;250;70;3;79
1;7;138;Nada;2016-09-10;5;12;6;1;7;23;270;70;3;79
1;13;143;Solarizada;2016-09-11;1;5;5.5;2;6.4;12;260;76;3;91
1;13;143;Solarizada;2016-09-11;2;6;4;1;8.2;9;270;75;3;80.5
1;13;143;Solarizada;2016-09-11;3;5;5;1;6.3;13;300;70;3;82.5
1;13;143;Solarizada;2016-09-11;4;6;4.5;2;7.5;18;260;75;3;75.5
1;13;143;Solarizada;2016-09-11;5;6;5;1;5.8;11;260;70;2;83
1;13;143;Solarizada;2016-09-13;1;7;3;1;8;18;260;70;3;89.5
1;13;143;Solarizada;2016-09-13;2;6;4;2;7.5;14;280;75;3;85.5
1;13;143;Solarizada;2016-09-13;3;5;5;1;6.2;19;240;80;2;84
1;13;143;Solarizada;2016-09-13;4;7;4;1;7.8;13;260;75;3;67.5
1;13;143;Solarizada;2016-09-13;5;7;4;1;6.8;21;270;80;3;77.5
1;13;143;Solarizada;2016-09-15;1;10;3.5;2;8;11;270;70;3;92
1;13;143;Solarizada;2016-09-15;2;10;4;2;8.5;16;375;69;3;86.5
1;13;143;Solarizada;2016-09-15;3;10;4;2;9;18;380;70;2;87
1;13;143;Solarizada;2016-09-15;4;10;5;3;8;14;340;71;4;80.5
1;13;143;Solarizada;2016-09-15;5;10;4;2;7;19;325;73;2;93
1;13;143;Solarizada;2016-09-17;1;10;4;1;7;22;270;68;2;85.5
1;13;143;Solarizada;2016-09-17;2;10;5;1;8;28;265;74;2;81.5
1;13;143;Solarizada;2016-09-17;3;10;4;2;7.2;16;250;70;3;75
1;13;143;Solarizada;2016-09-17;4;10;4;1;8;15;240;72;2;85.5
1;13;143;Solarizada;2016-09-17;5;10;5;2;7;16;260;70;2;77.5
1;13;144;Basamid;2016-09-11;1;5;5;1;6.2;21;310;70;3;77.5
1;13;144;Basamid;2016-09-11;2;6;4.5;2;5.8;23;260;70;3;80
1;13;144;Basamid;2016-09-11;3;6;4;1;6.9;20;260;65;2;82.5
1;13;144;Basamid;2016-09-13;1;7;5;1;6.8;30;260;75;3;88.5
1;13;144;Basamid;2016-09-13;2;6;4;1;7.3;26;240;80;3;77.5
1;13;144;Basamid;2016-09-13;3;5;6;1;5.8;20;260;71;2;93.5
1;13;144;Basamid;2016-09-13;4;6;5;1;7;17;270;75;3;94
1;13;144;Basamid;2016-09-13;5;6;6;1;6.5;13;280;75;3;96
1;13;144;Basamid;2016-09-15;1;10;5;2;8;24;385;70;2;91
1;13;144;Basamid;2016-09-15;2;10;5;2;9;26;430;73;3;96.5
1;13;144;Basamid;2016-09-15;3;10;4;2;8;22;470;73;3;81
1;13;144;Basamid;2016-09-15;4;7;3;2;9;21;360;70;3;95.5
1;13;144;Basamid;2016-09-15;5;10;4;1;8.3;23;390;69;3;98
1;13;144;Basamid;2016-09-17;1;10;4;1;6;18;295;70;2;91.5
1;13;144;Basamid;2016-09-17;2;10;3;1;7;21.5;260;72;2;91
1;13;144;Basamid;2016-09-17;3;10;4;1;6;28;260;75;3;89
1;13;144;Basamid;2016-09-17;4;10;5;1;6;16;340;74;3;88.5
1;13;144;Basamid;2016-09-17;5;10;4;2;7;19.5;325;74;2;80
1;13;144;Basamid;2016-09-19;1;10;3;1;7;22;210;68;2;90.5
1;13;144;Basamid;2016-09-19;2;10;3;1;6;14;240;70;3;82.5
1;13;144;Basamid;2016-09-19;3;11;2;2;6;19;220;72;3;79
1;13;144;Basamid;2016-09-19;4;12;4;2;6;29;190;67;2;78.5
1;13;144;Basamid;2016-09-19;5;10;3;1;7.5;17.5;220;65;2;90.5
1;13;145;Hongos;2016-09-13;1;6;4;2;5.8;22;280;70;3;82
1;13;145;Hongos;2016-09-13;2;6;5;2;4.7;19;230;75;3;90
1;13;145;Hongos;2016-09-13;3;5;5;1;6.2;26;310;70;3;91
1;13;145;Hongos;2016-09-13;4;6;4;1;7.3;23;270;75;3;87.5
1;13;145;Hongos;2016-09-13;5;5;5;1;6.2;18;260;75;3;93.5
1;13;145;Hongos;2016-09-15;1;10;4;3;8;25;250;70;2;96
1;13;145;Hongos;2016-09-15;2;10;4;2;9;23;300;69;2;97.5
1;13;145;Hongos;2016-09-15;3;10;4.5;2;8.5;20;250;72;3;98
1;13;145;Hongos;2016-09-15;4;10;5;1;8;24;370;75;2;93.5
1;13;145;Hongos;2016-09-15;5;10;5;2;7;20.5;360;70;2;96.5
1;13;145;Hongos;2016-09-17;1;10;5;2;7.5;27;260;74;2;87
1;13;145;Hongos;2016-09-17;2;10;4.5;1;8;23;265;74;2;95
1;13;145;Hongos;2016-09-17;3;10;4;1;7.5;24;245;72;2;81.5
1;13;145;Hongos;2016-09-17;4;10;5;1;8;22;280;69;3;87
1;13;145;Hongos;2016-09-17;5;10;4;1;8;18;275;69;3;85.5
1;13;145;Hongos;2016-09-19;1;10;2;2;6;17;200;72;;91.5
1;13;145;Hongos;2016-09-19;2;10;3;1;5;22;210;70;;85
1;13;145;Hongos;2016-09-19;3;10;4;2;6;12;280;74;;100.5
1;13;145;Hongos;2016-09-19;4;10;3;1;6;27.5;205;69;;88.5
1;13;145;Hongos;2016-09-19;5;12;3;1;7;16.5;235;70;;79.5
1;13;146;Nada;2016-09-11;1;6;4.5;1;5.2;21;250;75;3;88.5
1;13;146;Nada;2016-09-11;2;5;3;1;4.3;17;290;70;3;94.5
1;13;146;Nada;2016-09-13;1;6;4;1;7;16;260;70;3;103
1;13;146;Nada;2016-09-13;2;7;5;2;8;23;270;70;3;97.5
1;13;146;Nada;2016-09-13;3;5;6;1;6.9;17;300;75;2;89
1;13;146;Nada;2016-09-13;4;6;3;2;5.7;19;240;80;3;84.5
1;13;146;Nada;2016-09-13;5;6;4;1;8.5;22.5;250;70;2;75.5
1;13;146;Nada;2016-09-15;1;10;3;1;8;29;360;70;3;94.5
1;13;146;Nada;2016-09-15;2;10;5;1;7.5;28;345;72;3;98
1;13;146;Nada;2016-09-15;3;10;3;2;8;22;430;70;3;88
1;13;146;Nada;2016-09-15;4;10;4;1;8;18;365;70;3;70
1;13;146;Nada;2016-09-15;5;10;5;1;8.5;20;400;75;3;79.5
1;13;146;Nada;2016-09-17;1;10;4;1;8;25;330;70;2;90.5
1;13;146;Nada;2016-09-17;2;10;3;1;8;23;250;70;3;90.5
1;13;146;Nada;2016-09-17;3;10;5;2;8.5;20;240;66;3;95.5
1;13;146;Nada;2016-09-17;4;10;4;1;8;26;260;71;2;98.5
1;13;146;Nada;2016-09-17;5;10;3;1;8;23;260;75;3;90
1;13;146;Nada;2016-09-19;1;10;3;1;7;21;200;70;3;91
1;13;146;Nada;2016-09-19;2;10;3;1;6;18.5;300;68;3;91.5
1;13;146;Nada;2016-09-19;3;10;5;1;7;14;215;68;2;84
1;13;146;Nada;2016-09-19;4;10;4;2;6;19.5;245;71;4;84
1;13;146;Nada;2016-09-19;5;10;3;1;6;23;255;72;3;84
1;UF1-4;111;Hongos;2016-09-20;1;6;4;2;7;19;275;70;2;81
1;UF1-4;111;Hongos;2016-09-20;2;7;4.5;2;8;16;305;75;2;78.5
1;UF1-4;111;Hongos;2016-09-20;3;6;3.5;2;7.5;18.5;265;80;2;83.5
1;UF1-4;111;Hongos;2016-09-20;4;7;5;2;8;16;315;80;1;86.5
1;UF1-4;111;Hongos;2016-09-20;5;7;4.5;2;8;17.5;295;73;2;81.5
1;UF1-4;111;Hongos;2016-09-22;1;9;4.5;1;7.5;16;335;79;3;91
1;UF1-4;111;Hongos;2016-09-22;2;10;3;2;7.5;13.5;315;80;2;78.5
1;UF1-4;111;Hongos;2016-09-22;3;10;3;1;8;20.5;320;80;2;83
1;UF1-4;111;Hongos;2016-09-22;4;10;4.2;1;7;17.5;295;80;2;86
1;UF1-4;111;Hongos;2016-09-22;5;10;3.5;2;8;19;290;77;3;89
1;UF1-4;111;Hongos;2016-09-24;1;11;3;1;7;13.5;230;74;2;90
1;UF1-4;111;Hongos;2016-09-24;2;9;3;1;7;19;220;70;2;78
1;UF1-4;111;Hongos;2016-09-24;3;11;3.2;2;6;16;240;75;2;71.5
1;UF1-4;111;Hongos;2016-09-24;4;10;3.8;2;7.5;21;265;70;2;96.5
1;UF1-4;111;Hongos;2016-09-24;5;12;3;1;7;11.5;280;75;2;87
1;UF1-4;129;Hongos;2016-09-24;1;8;3.5;1;6.5;15;260;68;2;73
1;UF1-4;129;Hongos;2016-09-24;2;7;3;3;7;16;255;69;2;76
1;UF1-4;129;Hongos;2016-09-24;3;9;3.8;2;8;21.5;220;69;2;81
1;UF1-4;129;Hongos;2016-09-24;4;7;3.5;2;8;14.8;240;70;2;64
1;UF1-4;129;Hongos;2016-09-24;5;8;3;2;7;13;270;69;3;79
1;UF1-4;129;Hongos;2016-09-26;1;10;3.5;2;8.2;19;300;68;3;84
1;UF1-4;129;Hongos;2016-09-26;2;10;4;3;8.4;15.6;270;68;2;82.5
1;UF1-4;129;Hongos;2016-09-26;3;10;3;2;8;18.9;305;70;2;79.5
1;UF1-4;129;Hongos;2016-09-26;4;10;3.8;2;7.5;12;315;69;3;73
1;UF1-4;129;Hongos;2016-09-26;5;10;4;3;8;19;350;70;3;78
1;UF1-4;129;Hongos;2016-09-28;1;10;3;1;7.6;20.3;320;74;2;73.5
1;UF1-4;129;Hongos;2016-09-28;2;10;3;2;8;15.7;340;66;2;85.5
1;UF1-4;129;Hongos;2016-09-28;3;10;2.9;1;7;15.9;385;67;2;79.5
1;UF1-4;129;Hongos;2016-09-28;4;10;3;2;7.9;17.7;350;69;2;78.5
1;UF1-4;129;Hongos;2016-09-28;5;10;4;1;7.6;16;370;74;3;80.5
1;UF1-4;129;Hongos;2016-09-30;1;10;4;1;7.5;14;300;67;3;67.5
1;UF1-4;129;Hongos;2016-09-30;2;10;4;2;7.5;16;295;72;2;58.5
1;UF1-4;129;Hongos;2016-09-30;3;10;3.5;2;7;16.5;320;69;3;69.5
1;UF1-4;129;Hongos;2016-09-30;4;10;3;1;6.8;20.2;315;74;2;62
1;UF1-4;129;Hongos;2016-09-30;5;10;4;2;7;17;330;70;2;70
1;UF1-4;129;Hongos;2016-10-01;1;10;3;1;6;18;270;67;2;71.5
1;UF1-4;129;Hongos;2016-10-01;2;11;3;1;7.2;22;305;65;3;57
1;UF1-4;129;Hongos;2016-10-01;3;9;4;2;7;16;225;70;2;63.5
1;UF1-4;129;Hongos;2016-10-01;4;10;3.5;2;7;11.5;300;71;2;69
1;UF1-4;129;Hongos;2016-10-01;5;7;3;1;6.8;19.2;295;68;3;66.5
1;UF1-4;112;Solarizada;2016-09-20;1;6;3;2;8.5;12;230;73;3;86.5
1;UF1-4;112;Solarizada;2016-09-20;2;7;4;2;8.5;24;300;75;3;78
1;UF1-4;112;Solarizada;2016-09-20;3;6;3;1;7.5;19;250;75;2;84
1;UF1-4;112;Solarizada;2016-09-20;4;7;4;2;7;14;295;80;3;76.5
1;UF1-4;112;Solarizada;2016-09-20;5;8;3.5;2;8;22;255;79;2;81.5
1;UF1-4;112;Solarizada;2016-09-22;1;10;5;2;7;17;245;67;2;76
1;UF1-4;112;Solarizada;2016-09-22;2;9;3;1;7.5;14.5;290;71;2;88
1;UF1-4;112;Solarizada;2016-09-22;3;12;3;2;8;18;230;69;3;79.5
1;UF1-4;112;Solarizada;2016-09-22;4;11;4;2;8;18;260;70;2;74
1;UF1-4;112;Solarizada;2016-09-22;5;10;3.5;1;7.5;12;230;70;3;72.5
1;UF1-4;112;Solarizada;2016-09-24;1;10;3;2;8;16;405;70;2;76
1;UF1-4;112;Solarizada;2016-09-24;2;10;3;2;6.5;19.5;230;70;2;88
1;UF1-4;112;Solarizada;2016-09-24;3;10;2.9;1;7;14;220;70;2;78
1;UF1-4;112;Solarizada;2016-09-24;4;10;3.5;2;7;18;385;75;2;84
1;UF1-4;112;Solarizada;2016-09-24;5;10;3;2;7;18;225;75;2;81.5
1;UF1-4;112;Solarizada;2016-09-26;1;13;3;1;7;19;245;69;2;71.5
1;UF1-4;112;Solarizada;2016-09-26;2;10;2;2;8;16;300;70;2;89.5
1;UF1-4;112;Solarizada;2016-09-26;3;13;3;2;7.5;15.1;270;65;2;76.5
1;UF1-4;112;Solarizada;2016-09-26;4;15;2.5;1;7;17.2;255;66;2;74
1;UF1-4;112;Solarizada;2016-09-26;5;14;2;1;7.7;15.8;250;68;3;77.5
1;UF1-4;112;Solarizada;2016-09-28;1;13;2;1;7;17;200;70;2;65.5
1;UF1-4;112;Solarizada;2016-09-28;2;13;2;1;7.8;18.9;200;65;2;83.5
1;UF1-4;112;Solarizada;2016-09-28;3;12;2;0;7;20.1;195;68;3;78
1;UF1-4;112;Solarizada;2016-09-28;4;;3;1;9;19.5;;;2;78
1;UF1-4;112;Solarizada;2016-09-28;5;;2;1;8;18;;;2;80.5
1;UF1-4;128;Solarizada;2016-09-24;1;8;3.5;2;7;18;235;69;2;75.5
1;UF1-4;128;Solarizada;2016-09-24;2;7;5;3;8;20.2;300;70;2;83.5
1;UF1-4;128;Solarizada;2016-09-24;3;7;4;3;7.3;22;230;72;2;88.5
1;UF1-4;128;Solarizada;2016-09-24;4;6;4.2;2;6.1;13.5;210;69;2;84.5
1;UF1-4;128;Solarizada;2016-09-24;5;8;3;3;6.5;16;290;70;2;88.5
1;UF1-4;128;Solarizada;2016-09-26;1;8;3.5;2;7.5;16.4;400;79;3;88
1;UF1-4;128;Solarizada;2016-09-26;2;10;4;2;8;19.2;385;75;2;80.5
1;UF1-4;128;Solarizada;2016-09-26;3;10;5;2;8;15.6;350;75;3;85.5
1;UF1-4;128;Solarizada;2016-09-26;4;10;3.5;2;8.4;17;395;75;3;69
1;UF1-4;128;Solarizada;2016-09-26;5;10;4.5;2;7;18;300;75;2;82
1;UF1-4;128;Solarizada;2016-09-28;1;10;3;1;7.6;18.5;250;72;3;78.5
1;UF1-4;128;Solarizada;2016-09-28;2;10;2.9;1;8.2;17.4;300;76;2;85
1;UF1-4;128;Solarizada;2016-09-28;3;10;3.5;2;7;17;255;68;2;86.5
1;UF1-4;128;Solarizada;2016-09-28;4;10;4;1;7.2;14;265;68;3;78
1;UF1-4;128;Solarizada;2016-09-28;5;10;3;1;7;13;220;70;3;94.5
1;UF1-4;113;Nada;2016-09-22;1;7;4;2;8;14;300;72;2;55
1;UF1-4;113;Nada;2016-09-22;2;8;4;3;8;18.5;285;76;3;87.5
1;UF1-4;113;Nada;2016-09-22;3;7;5;1;7.5;20;295;73;3;75.5
1;UF1-4;113;Nada;2016-09-22;4;8;5;3;8;25.5;290;78;2;75
1;UF1-4;113;Nada;2016-09-22;5;8;4;3;8.5;13.5;300;76;2;57
1;UF1-4;113;Nada;2016-09-24;1;10;4.8;1;7;20.8;400;75;2;79.5
1;UF1-4;113;Nada;2016-09-24;2;10;3;2;7;16.5;390;70;2;86.5
1;UF1-4;113;Nada;2016-09-24;3;10;3.2;2;6;17;320;69;2;78.5
1;UF1-4;113;Nada;2016-09-24;4;10;3;2;7;18;335;70;2;82
1;UF1-4;113;Nada;2016-09-24;5;10;3.8;2;6;21.3;250;75;3;70.5
1;UF1-4;113;Nada;2016-09-26;1;8;3.5;1;7.8;22;265;75;2;79.5
1;UF1-4;113;Nada;2016-09-26;2;11;2.9;1;8;24;260;75;3;87
1;UF1-4;113;Nada;2016-09-26;3;11;4;2;8;15;255;77;2;88.5
1;UF1-4;113;Nada;2016-09-26;4;9;3;2;7;18;250;75;2;86
1;UF1-4;113;Nada;2016-09-26;5;10;5;1;8;19.6;260;75;2;86
1;UF1-4;113;Nada;2016-09-28;1;10;3;1;8;17;210;71;2;86
1;UF1-4;113;Nada;2016-09-28;2;10;4.5;1;7.5;18;255;70;3;74
1;UF1-4;113;Nada;2016-09-28;3;10;4;1;6;19.2;335;74;2;92.5
1;UF1-4;113;Nada;2016-09-28;4;10;3;1;7;20;300;70;2;87.5
1;UF1-4;113;Nada;2016-09-28;5;10;4.5;1;9;15;340;78;2;87
1;UF1-4;131;Nada;2016-09-26;1;10;3;1;8;12.5;350;70;3;71
1;UF1-4;131;Nada;2016-09-26;2;10;4;2;8.5;17;380;70;3;82.5
1;UF1-4;131;Nada;2016-09-26;3;10;3;2;8;16.2;360;72;2;64
1;UF1-4;131;Nada;2016-09-26;4;10;4;1;7.8;18.5;320;70;3;66.5
1;UF1-4;131;Nada;2016-09-26;5;10;4.1;3;7.5;15.7;300;73;2;68
1;UF1-4;131;Nada;2016-09-28;1;7;3;1;7;17.2;280;69;3;77
1;UF1-4;131;Nada;2016-09-28;2;7;3;3;8;16.1;275;80;3;66.5
1;UF1-4;131;Nada;2016-09-28;3;7;3;2;6.3;17;280;70;2;65.5
1;UF1-4;131;Nada;2016-09-28;4;7;5;2;7;16.8;265;69;2;64.5
1;UF1-4;131;Nada;2016-09-28;5;7;5;2;8.2;17.1;240;70;2;67.5
1;UF1-4;131;Nada;2016-09-30;1;10;3.5;1;6;19;290;66;2;68.5
1;UF1-4;131;Nada;2016-09-30;2;10;4;2;7;18.2;280;69;2;73
1;UF1-4;131;Nada;2016-09-30;3;10;4;2;7.8;22;296;68;3;61.5
1;UF1-4;131;Nada;2016-09-30;4;10;3;1;8;17.8;275;67;3;63
1;UF1-4;131;Nada;2016-09-30;5;10;3;2;8.2;19;300;66;2;69
1;UF1-4;114;Basamid;2016-09-22;1;6;4.5;2;5;17;255;75;2;83.5
1;UF1-4;114;Basamid;2016-09-22;2;6;3.5;1;5;20;260;79;2;92.5
1;UF1-4;114;Basamid;2016-09-22;3;7;4;2;6;14;250;75;2;102
1;UF1-4;114;Basamid;2016-09-22;4;6;4.5;2;6;20;250;80;2;73
1;UF1-4;114;Basamid;2016-09-22;5;6;5;2;7;15;240;72;2;76.5
1;UF1-4;114;Basamid;2016-09-24;1;8;4;2;7.5;17;245;80;2;99
1;UF1-4;114;Basamid;2016-09-24;2;8;4.3;2;8.2;16.8;240;80;2;89.5
1;UF1-4;114;Basamid;2016-09-24;3;7;5;2;7.9;20.5;260;79;1;86
1;UF1-4;114;Basamid;2016-09-24;4;7;5;1;7.5;14;275;80;2;88
1;UF1-4;114;Basamid;2016-09-24;5;8;5;2;7;19;260;80;1;84.5
1;UF1-4;114;Basamid;2016-09-26;1;7;3;1;8;20;250;80;3;90.5
1;UF1-4;114;Basamid;2016-09-26;2;7;4;2;8.5;24;240;78;3;83.5
1;UF1-4;114;Basamid;2016-09-26;3;9;4;3;8;17;390;80;2;88
1;UF1-4;114;Basamid;2016-09-26;4;7;4.5;2;7;18.9;245;80;3;92.5
1;UF1-4;114;Basamid;2016-09-26;5;7;3;1;7.5;20.7;250;70;2;103.5
1;UF1-4;114;Basamid;2016-09-28;1;10;3.5;2;8;23;340;69;3;88
1;UF1-4;114;Basamid;2016-09-28;2;10;4;1;6.5;20.5;400;70;2;77.5
1;UF1-4;114;Basamid;2016-09-28;3;10;3;1;8;18;310;80;3;96
1;UF1-4;114;Basamid;2016-09-28;4;10;3;2;7;21;300;79;2;96.5
1;UF1-4;114;Basamid;2016-09-28;5;7;3;3;7.3;16;315;69;2;89.5
1;UF1-4;114;Basamid;2016-09-30;1;10;7;3;7;17.1;240;69;3;77
1;UF1-4;114;Basamid;2016-09-30;2;9;7.5;2;7.5;16;235;75;2;81.5
1;UF1-4;114;Basamid;2016-09-30;3;12;8;1;8;13.5;235;70;1;73.5
1;UF1-4;114;Basamid;2016-09-30;4;9;7.5;1;7.5;17.6;240;76;2;71.5
1;UF1-4;114;Basamid;2016-09-30;5;11;7.5;2;7.5;15.6;255;65;3;78.5
1;UF1-4;130;Basamid;2016-09-26;1;10;5;1;9;16.8;340;72;3;91.5
1;UF1-4;130;Basamid;2016-09-26;2;10;4.8;3;7;14.4;320;70;2;78
1;UF1-4;130;Basamid;2016-09-26;3;10;4;3;7;17;450;70;2;86.5
1;UF1-4;130;Basamid;2016-09-26;4;10;4;2;6;20.5;440;71;3;83
1;UF1-4;130;Basamid;2016-09-26;5;10;5.5;3;7.5;23;370;72;3;79.5
1;UF1-4;130;Basamid;2016-09-28;1;10;3;1;7;23;295;69;2;89.5
1;UF1-4;130;Basamid;2016-09-28;2;10;4;2;8;16.6;300;70;2;73
1;UF1-4;130;Basamid;2016-09-28;3;10;4;2;7.7;18;270;70;2;91
1;UF1-4;130;Basamid;2016-09-28;4;7;3;3;8;20.5;400;68;2;81.5
1;UF1-4;130;Basamid;2016-09-28;5;9;4;3;8;16.3;285;68;3;80.5
1;UF1-4;130;Basamid;2016-09-30;1;10;4;1;7;26;340;72;2;80.5
1;UF1-4;130;Basamid;2016-09-30;2;10;4.5;2;8;20.1;330;76;3;73
1;UF1-4;130;Basamid;2016-09-30;3;10;3.5;3;8;18;250;72;3;66
1;UF1-4;130;Basamid;2016-09-30;4;10;4;2;7.3;23;255;77;2;80
1;UF1-4;130;Basamid;2016-09-30;5;10;3;1;6.9;21.1;210;70;2;85
1;4;112;Hongos;2016-09-26;1;6;4;1;7;16;215;70;2;68.5
1;4;112;Hongos;2016-09-26;2;8;4;2;8;17.5;300;69;2;72.5
1;4;112;Hongos;2016-09-26;3;7;5;2;7.4;18.8;255;79;2;85.5
1;4;112;Hongos;2016-09-26;4;7;4.5;1;8;16.2;280;68;2;77.5
1;4;112;Hongos;2016-09-26;5;7;5.5;1;6.8;19.3;260;67;3;77
1;4;112;Hongos;2016-09-28;1;6;5;1;8.3;16.7;275;75;3;84.5
1;4;112;Hongos;2016-09-28;2;6;2;1;8;25.4;230;67;4;65
1;4;112;Hongos;2016-09-28;3;6;3.5;2;7.9;19.4;295;79;3;71.5
1;4;112;Hongos;2016-09-28;4;6;3.8;2;9;20;300;73;2;72
1;4;112;Hongos;2016-09-28;5;7;3;2;8.4;18.5;255;79;2;68.5
1;4;112;Hongos;2016-09-30;1;7;5;1;8;19;200;70;2;86
1;4;112;Hongos;2016-09-30;2;10;3;2;7;22.7;420;70;2;85.5
1;4;112;Hongos;2016-09-30;3;10;3.4;1;8;18.9;300;70;3;78
1;4;112;Hongos;2016-09-30;4;10;4;1;6.8;23;415;70;2;86.5
1;4;112;Hongos;2016-09-30;5;10;4;2;8;20.2;330;70;2;83.5
1;4;112;Hongos;2016-10-02;1;10;3;2;8;26;305;80;3;78.5
1;4;112;Hongos;2016-10-02;2;10;3;1;8;17.8;290;80;3;73
1;4;112;Hongos;2016-10-02;3;10;4;2;7;16;315;70;2;79
1;4;112;Hongos;2016-10-02;4;10;4;1;8.2;21;330;80;2;84.5
1;4;112;Hongos;2016-10-02;5;10;3.5;1;7.5;20.1;285;80;3;89
1;4;112;Hongos;2016-10-04;1;10;4;1;8;32.3;245;69;3;87.5
1;4;112;Hongos;2016-10-04;2;10;3.6;1;7.6;28;280;68;2;85.5
1;4;112;Hongos;2016-10-04;3;10;3;1;7;29.8;250;69;2;84
1;4;112;Hongos;2016-10-04;4;10;4;1;7;21;300;68;2;89.5
1;4;112;Hongos;2016-10-04;5;10;3.2;1;7;27;285;69;3;79.5
1;4;113;Solarizada;2016-09-26;1;7;5;1;7;13.5;270;70;2;72.5
1;4;113;Solarizada;2016-09-26;2;7;4.5;2;9;12.4;270;70;3;66.5
1;4;113;Solarizada;2016-09-26;3;7;4;1;7.5;17;275;69;3;60.5
1;4;113;Solarizada;2016-09-26;4;6;3;1;7.6;13.4;260;68;3;80.5
1;4;113;Solarizada;2016-09-26;5;6;5;1;6;8;240;66;3;75
1;4;113;Solarizada;2016-09-28;1;7;4.5;1;8;15.7;310;73;3;77.5
1;4;113;Solarizada;2016-09-28;2;7;4;1;8;21.7;300;75;3;80
1;4;113;Solarizada;2016-09-28;3;6;4;2;8.5;12.5;265;73;3;60
1;4;113;Solarizada;2016-09-28;4;7;5;2;7.9;17;250;70;3;85
1;4;113;Solarizada;2016-09-28;5;7;3;1;7;18;295;70;3;69.5
1;4;113;Solarizada;2016-09-30;1;10;4;1;7.8;20;290;65;3;78.5
1;4;113;Solarizada;2016-09-30;2;9;3.5;2;8;20.5;250;67;2;66.5
1;4;113;Solarizada;2016-09-30;3;7;4;1;7.2;12;265;70;3;69.5
1;4;113;Solarizada;2016-09-30;4;7;3.9;2;7.4;11.2;190;67;2;69
1;4;113;Solarizada;2016-09-30;5;10;4;1;8.1;21.5;230;69;3;69
1;4;113;Solarizada;2016-10-02;1;10;4;1;8;19;275;70;2;78.5
1;4;113;Solarizada;2016-10-02;2;10;3.5;2;8.2;23.9;310;70;2;79
1;4;113;Solarizada;2016-10-02;3;10;3;1;7.9;18.9;355;65;2;82
1;4;113;Solarizada;2016-10-02;4;10;4;1;8;17.5;400;70;3;88.5
1;4;113;Solarizada;2016-10-02;5;10;4.5;1;8.1;11.9;290;73;3;73
1;4;113;Solarizada;2016-10-04;1;10;3;1;7.6;17.5;280;69;2;76.5
1;4;113;Solarizada;2016-10-04;2;10;2.8;1;7.2;21;300;70;3;67
1;4;113;Solarizada;2016-10-04;3;10;3;2;7.4;16;325;70;2;72.5
1;4;113;Solarizada;2016-10-04;4;10;3;2;6.5;22;270;65;2;74.5
1;4;113;Solarizada;2016-10-04;5;10;4;1;8;19.9;280;69;3;80
1;4;114;Basamid;2016-09-25;1;7;4;1;7;18.5;310;64;3;74.5
1;4;114;Basamid;2016-09-25;2;7;4.5;1;8;20;250;68;3;71
1;4;114;Basamid;2016-09-25;3;5;4.8;1;7.5;24.9;280;65;2;72.5
1;4;114;Basamid;2016-09-25;4;8;5;2;8;16.5;240;64;3;78
1;4;114;Basamid;2016-09-25;5;6;4;1;8.2;13.5;250;69;2;73.5
1;4;114;Basamid;2016-09-26;1;10;4.5;1;7;24.3;300;63;3;81
1;4;114;Basamid;2016-09-26;2;6;4;1;7.5;19;260;69;2;78.5
1;4;114;Basamid;2016-09-26;3;6;5;1;9;20.5;215;67;3;74.5
1;4;114;Basamid;2016-09-26;4;10;3;2;8;22.8;360;69;2;75
1;4;114;Basamid;2016-09-26;5;10;5.5;3;8.2;15;350;70;2;81
1;4;114;Basamid;2016-09-27;1;8;4.8;1;8.5;19.7;245;65;3;83.5
1;4;114;Basamid;2016-09-27;2;8;4;2;8;17.2;260;71;3;79
1;4;114;Basamid;2016-09-27;3;9;5;1;8.6;22.3;315;67;3;83.5
1;4;114;Basamid;2016-09-27;4;7;4;1;8;21.5;275;70;3;84.5
1;4;114;Basamid;2016-09-27;5;7;3.5;2;8;20.6;255;70;2;80
1;4;114;Basamid;2016-09-28;1;8;5;2;6;20.3;260;70;2;76.5
1;4;114;Basamid;2016-09-28;2;8;3;2;8;20.7;250;70;2;70.5
1;4;114;Basamid;2016-09-28;3;8;5;1;8;15.3;290;69;3;71
1;4;114;Basamid;2016-09-28;4;8;4.5;1;7.8;21;270;70;3;80
1;4;114;Basamid;2016-09-28;5;8;6;1;6.5;20;265;70;3;86.5
1;4;114;Basamid;2016-09-29;1;9;3;1;8;18.1;240;69;3;78
1;4;114;Basamid;2016-09-29;2;7;3.5;2;8.1;16;220;71;2;77
1;4;114;Basamid;2016-09-29;3;8;2.9;2;7.9;21;250;70;2;73
1;4;114;Basamid;2016-09-29;4;;3;2;7;22;;;3;86.5
1;4;114;Basamid;2016-09-29;5;;3;1;7.3;24;;;3;71.5
1;4;114;Basamid;2016-09-30;1;10;3;1;7;22;430;66;3;71.5
1;4;114;Basamid;2016-09-30;2;8;5;4;7.8;18.5;270;75;2;79
1;4;114;Basamid;2016-09-30;3;8;4;4;8;20.7;280;69;2;74.5
1;4;114;Basamid;2016-09-30;4;8;3.5;1;7.3;18;215;73;2;77
1;4;114;Basamid;2016-09-30;5;7;3;2;;22;390;65;3;82.5
1;4;114;Basamid;2016-10-02;1;10;3;1;7.8;16;280;65;2;70.5
1;4;114;Basamid;2016-10-02;2;10;2.9;2;8.1;18.2;265;65;2;64
1;4;114;Basamid;2016-10-02;3;10;4;1;8;15.3;305;66;3;74.5
1;4;114;Basamid;2016-10-02;4;10;3;2;7;19;290;70;2;75
1;4;114;Basamid;2016-10-02;5;10;4;1;6.9;20.1;275;69;2;64
1;4;114;Basamid;2016-10-04;1;11;3;1;8.2;21;275;65;2;72.5
1;4;114;Basamid;2016-10-04;2;10;2.9;2;8;27;290;66;2;90
1;4;114;Basamid;2016-10-04;3;9;4;1;8;29;250;70;3;82
1;4;114;Basamid;2016-10-04;4;11;3;2;7;17.8;295;68;2;85
1;4;114;Basamid;2016-10-04;5;10;3.8;1;7;26;285;65;2;74
1;4;115;Nada;2016-09-25;1;6;6.5;2;6.5;18;275;76;3;82
1;4;115;Nada;2016-09-25;2;6;7;1;7;16;250;74;3;78.5
1;4;115;Nada;2016-09-25;3;7;7;2;7;14.5;260;76;2;80
1;4;115;Nada;2016-09-25;4;6;6.3;2;6.3;17;245;76;2;76
1;4;115;Nada;2016-09-25;5;6;7.5;2;7.5;21.2;240;75;3;80
1;4;115;Nada;2016-09-26;1;10;4;2;7;10;395;70;3;78
1;4;115;Nada;2016-09-26;2;10;5;2;8;17.3;410;71;2;80.5
1;4;115;Nada;2016-09-26;3;7;3.5;1;8.2;19;300;73;3;64
1;4;115;Nada;2016-09-26;4;8;4;1;7;15.4;285;72;3;68
1;4;115;Nada;2016-09-26;5;10;5;2;7.3;17;360;69;2;81.5
1;4;115;Nada;2016-09-27;1;8;3.5;1;8;17.8;250;66;4;85
1;4;115;Nada;2016-09-27;2;6;4.1;2;8.7;14.6;295;68;3;78.5
1;4;115;Nada;2016-09-27;3;7;4;1;9;21;255;68;3;76
1;4;115;Nada;2016-09-27;4;8;4.9;2;9;11.5;300;69;2;84
1;4;115;Nada;2016-09-27;5;5;3.8;1;8;19.9;260;73;3;86
1;4;115;Nada;2016-09-28;1;7;3;1;7;17;265;70;3;76
1;4;115;Nada;2016-09-28;2;5;4.5;1;8;16.7;300;68;3;70
1;4;115;Nada;2016-09-28;3;6;4;1;7.5;14;260;69;3;78.5
1;4;115;Nada;2016-09-28;4;7;3;1;8.3;20;255;67;3;68.5
1;4;115;Nada;2016-09-28;5;7;4;1;7;19.4;270;68;3;73
1;4;115;Nada;2016-09-30;1;8;3;1;7;22;280;67;2;84.5
1;4;115;Nada;2016-09-30;2;8;4;1;7.8;18.5;265;65;3;82.5
1;4;115;Nada;2016-09-30;3;10;4;1;8;20.1;310;64;2;74
1;4;115;Nada;2016-09-30;4;10;3.5;1;7;18;320;66;2;65.5
1;4;115;Nada;2016-09-30;5;10;3;1;7.1;22.5;290;70;3;72.5
1;4;115;Nada;2016-10-02;1;10;3;1;8;23;280;65;2;64.5
1;4;115;Nada;2016-10-02;2;10;3;2;7.7;18.2;275;70;3;71
1;4;115;Nada;2016-10-02;3;10;3.5;2;7;25;300;72;2;80.5
1;4;115;Nada;2016-10-02;4;10;4.5;1;7.9;21.1;290;70;2;89.5
1;4;115;Nada;2016-10-02;5;10;5;2;8.2;19;305;65;2;61.5
1;3;62;Solarizada;2016-10-05;1;6;4.5;2;7.3;17.2;255;70;3;82
1;3;62;Solarizada;2016-10-05;2;6;4;1;8;14.9;270;75;3;84.5
1;3;62;Solarizada;2016-10-05;3;7;5;1;7.5;20.8;265;75;3;82.5
1;3;62;Solarizada;2016-10-05;4;6;4.8;1;7.9;15.5;280;75;4;87.5
1;3;62;Solarizada;2016-10-05;5;7;4;2;8;21;270;69;3;69
1;3;62;Solarizada;2016-10-06;1;7;3;1;7;19.9;275;74;2;90.5
1;3;62;Solarizada;2016-10-06;2;7;4;1;6.2;17;260;75;2;91.5
1;3;62;Solarizada;2016-10-06;3;7;4;2;8;20;280;79;2;81.5
1;3;62;Solarizada;2016-10-06;4;7;3.5;1;6.5;21;255;70;2;83
1;3;62;Solarizada;2016-10-06;5;7;4;2;7;24;270;75;2;87
1;3;62;Solarizada;2016-10-07;1;8;3;2;8;14.5;245;63;3;86
1;3;62;Solarizada;2016-10-07;2;8;4;2;8;18;285;80;2;80
1;3;62;Solarizada;2016-10-07;3;7;4;2;7;14.5;250;80;3;78
1;3;62;Solarizada;2016-10-07;4;7;3.5;1;7;16.8;350;78;3;90.5
1;3;62;Solarizada;2016-10-07;5;8;4;2;7.3;25.2;310;70;2;72.5
1;3;62;Solarizada;2016-10-09;1;10;4;1;7;20;300;75;2;84.5
1;3;62;Solarizada;2016-10-09;2;10;4;1;7.4;18.5;250;74;2;84.5
1;3;62;Solarizada;2016-10-09;3;10;3.5;1;8;21;315;74;2;86
1;3;62;Solarizada;2016-10-09;4;10;4;2;7;22;320;74;2;86.5
1;3;62;Solarizada;2016-10-09;5;10;3;1;7;19.2;345;74;2;77.5
1;3;62;Solarizada;2016-10-11;1;12;3;1;8;19;240;75;2;90
1;3;62;Solarizada;2016-10-11;2;14;3;1;7;27.7;230;75;3;80.5
1;3;62;Solarizada;2016-10-11;3;13;2;1;8;18.2;265;75;2;81
1;3;62;Solarizada;2016-10-11;4;10;2.5;2;8;21.3;220;75;2;85
1;3;62;Solarizada;2016-10-11;5;12;3;1;7;21;240;75;2;87
1;3;63;Hongos;2016-10-06;1;10;4;1;9;16;290;70;3;82
1;3;63;Hongos;2016-10-06;2;10;4.8;3;7.3;23;310;69;2;95
1;3;63;Hongos;2016-10-06;3;10;4;2;7.8;22.5;315;70;2;74.5
1;3;63;Hongos;2016-10-06;4;10;5;2;8;13.5;350;75;2;72
1;3;63;Hongos;2016-10-06;5;10;5;1;7.4;21.8;380;80;3;84
1;3;63;Hongos;2016-10-08;1;7;4;2;6.8;17.3;260;75;2;72.5
1;3;63;Hongos;2016-10-08;2;7;3;1;7;22;260;70;2;79.5
1;3;63;Hongos;2016-10-08;3;10;3;1;7.2;28.1;270;75;3;63
1;3;63;Hongos;2016-10-08;4;7;3;2;6.9;14;280;75;3;70
1;3;63;Hongos;2016-10-08;5;10;3.5;2;7;19;275;75;2;65.5
1;3;63;Hongos;2016-10-10;1;10;3;1;7.5;24;270;72;2;90.5
1;3;63;Hongos;2016-10-10;2;10;2.5;1;7;25;240;78;2;79
1;3;63;Hongos;2016-10-10;3;7;3;2;7;21.9;245;75;2;77.5
1;3;63;Hongos;2016-10-10;4;8;2;3;7;18.3;275;74;2;84.5
1;3;63;Hongos;2016-10-10;5;9;2;2;7.2;20;235;76;3;87.5
1;3;63;Hongos;2016-10-12;1;12;3;1;7.5;23.5;290;75;2;95.5
1;3;63;Hongos;2016-10-12;2;11;4;1;8;19.5;250;73;3;77
1;3;63;Hongos;2016-10-12;3;13;2.5;1;6.5;26;305;75;3;89.5
1;3;63;Hongos;2016-10-12;4;11;3;1;8.2;19;280;77;2;87
1;3;63;Hongos;2016-10-12;5;12;3;1;8;27.7;255;70;2;97.5
1;3;64;Nada;2016-10-06;1;10;4;2;8;18.5;400;75;3;80.5
1;3;64;Nada;2016-10-06;2;10;5;2;7;19;305;65;2;89.5
1;3;64;Nada;2016-10-06;3;10;4.5;2;7.9;26;240;70;3;87
1;3;64;Nada;2016-10-06;4;5;3.5;2;7.2;20;275;72;2;88.5
1;3;64;Nada;2016-10-06;5;5;5;3;6;17.8;265;70;3;95.5
1;3;64;Nada;2016-10-07;1;7;4;2;7;19.5;305;75;2;89.5
1;3;64;Nada;2016-10-07;2;10;3.8;1;7.4;20;400;75;2;81
1;3;64;Nada;2016-10-07;3;10;3;1;7;22;330;69;2;90
1;3;64;Nada;2016-10-07;4;10;3;2;7.2;21.3;350;69;2;94.5
1;3;64;Nada;2016-10-07;5;10;3.8;2;6.9;19.9;320;70;2;79
1;3;64;Nada;2016-10-09;1;10;3;2;6.8;19;270;70;2;89
1;3;64;Nada;2016-10-09;2;10;3.5;1;6.5;22;290;65;3;90
1;3;64;Nada;2016-10-09;3;10;4;1;7;19.7;250;70;2;91.5
1;3;64;Nada;2016-10-09;4;10;3.5;2;7.1;20.2;365;69;2;87.5
1;3;64;Nada;2016-10-09;5;10;4;1;7;24;260;70;2;78
1;3;64;Nada;2016-10-12;1;12;2.5;1;7.7;26;245;70;2;90
1;3;64;Nada;2016-10-12;2;11;3;2;8;20.6;255;72;2;87
1;3;64;Nada;2016-10-12;3;10;2.5;1;7.2;19;235;66;3;91.5
1;3;64;Nada;2016-10-12;4;10;5;2;8.2;23;265;60;2;89
1;3;64;Nada;2016-10-12;5;10;2.5;2;7.5;18.5;285;70;3;87
1;3;65;Basamid;2016-10-05;1;6;5;2;8;22;280;74;3;86.5
1;3;65;Basamid;2016-10-05;2;7;4;3;7;25.8;330;73;3;83
1;3;65;Basamid;2016-10-05;3;6;4;1;7;23;250;75;3;77.5
1;3;65;Basamid;2016-10-05;4;6;5;1;6.9;16.8;260;74;3;77.5
1;3;65;Basamid;2016-10-05;5;7;4;1;7;24;315;76;3;77.5
1;3;65;Basamid;2016-10-06;1;8;4;1;7.5;21;305;73;3;90.5
1;3;65;Basamid;2016-10-06;2;8;3;2;8.8;15;370;75;3;91.5
1;3;65;Basamid;2016-10-06;3;9;3.5;2;8;21;325;76;3;86.5
1;3;65;Basamid;2016-10-06;4;9;5;2;8.7;15.6;315;74;2;84.5
1;3;65;Basamid;2016-10-06;5;8;4;1;9;22;320;74;4;79.5
1;3;65;Basamid;2016-10-07;1;7;4;2;7.8;18.2;240;70;2;82
1;3;65;Basamid;2016-10-07;2;7;4.5;2;8;18;300;72;2;76
1;3;65;Basamid;2016-10-07;3;7;4;1;7.5;21;190;69;2;81
1;3;65;Basamid;2016-10-07;4;7;5;2;8;23.5;250;79;2;85.5
1;3;65;Basamid;2016-10-07;5;7;3;3;7.3;28;280;72;2;86.5
1;3;65;Basamid;2016-10-09;1;10;4;1;6.9;17.2;305;73;3;79.5
1;3;65;Basamid;2016-10-09;2;10;3;2;7;18.4;265;68;2;91
1;3;65;Basamid;2016-10-09;3;10;3.5;2;7.5;23.2;275;69;3;95.5
1;3;65;Basamid;2016-10-09;4;10;3;1;7;24;360;72;3;99.5
1;3;65;Basamid;2016-10-09;5;10;3;1;7.4;29.9;325;70;2;95.5
1;3;65;Basamid;2016-10-11;1;9;2.5;2;6.2;15;250;70;2;83.5
1;3;65;Basamid;2016-10-11;2;10;2.5;2;8;19.4;255;70;2;81.5
1;3;65;Basamid;2016-10-11;3;7;3;2;7.8;17;265;70;2;86.5
1;3;65;Basamid;2016-10-11;4;8;4;1;6.5;21.5;240;69;3;85
1;3;65;Basamid;2016-10-11;5;9;2.5;1;7;20;235;70;3;85
1;2;48;Solarizada;2016-10-11;1;7;3;2;8;12;280;70;2;75
1;2;48;Solarizada;2016-10-11;2;8;5;2;8;19;250;70;3;74.5
1;2;48;Solarizada;2016-10-11;3;7;4;2;7.5;13;245;75;2;81.5
1;2;48;Solarizada;2016-10-11;4;8;5;2;8;11.2;300;70;2;78
1;2;48;Solarizada;2016-10-11;5;7;5;1;6;10;250;68;3;61
1;2;48;Solarizada;2016-10-13;1;10;4;3;7;21;400;70;2;87.5
1;2;48;Solarizada;2016-10-13;2;10;4;3;7.4;15.5;405;74;2;86.5
1;2;48;Solarizada;2016-10-13;3;10;5;1;7;16.5;450;70;4;64
1;2;48;Solarizada;2016-10-13;4;10;4;2;7.5;13.9;395;72;3;88.5
1;2;48;Solarizada;2016-10-13;5;10;4.5;2;7;15;410;70;2;84
1;2;48;Solarizada;2016-10-15;1;10;5;2;5;19;450;;5;87.5
1;2;48;Solarizada;2016-10-15;2;10;4;2;6;21;395;;4;79
1;2;48;Solarizada;2016-10-15;3;10;6;3;7;19;410;;3;80
1;2;48;Solarizada;2016-10-15;4;10;5;2;6;17;250;;4;77
1;2;48;Solarizada;2016-10-15;5;10;6;4;7;21;400;;3;78.5
1;2;48;Solarizada;2016-10-15;6;10;5;2;7;19;405;;4;77
1;2;48;Solarizada;2016-10-15;7;10;5;2;5.5;20;450;;5;80
1;2;48;Solarizada;2016-10-15;8;10;5;3;7;17;300;;5;78.5
1;2;48;Solarizada;2016-10-15;9;10;6;2;7;23;300;;4;77.5
1;2;48;Solarizada;2016-10-15;10;10;5;2;6;18;250;;3;73.5
1;2;48;Solarizada;2016-10-15;11;10;4;1;7;19;360;;3;81
1;2;48;Solarizada;2016-10-15;12;10;4;2;5.5;15;450;;4;71
1;2;48;Solarizada;2016-10-15;13;10;5;2;6;14;300;;3;76.5
1;2;48;Solarizada;2016-10-15;14;10;5;2;6;18;300;;4;72
1;2;48;Solarizada;2016-10-15;15;10;6;1;7;25;250;;3;73.5
1;2;48;Solarizada;2016-10-15;16;10;5;2;6;19;360;;4;81
1;2;48;Solarizada;2016-10-15;17;10;6;2;6;24;450;;3;84
1;2;48;Solarizada;2016-10-15;18;10;5;1;5;17;300;;4;83
1;2;48;Solarizada;2016-10-15;19;10;4;3;6;18;300;;5;86.5
1;2;48;Solarizada;2016-10-15;20;10;5;2;6;18;250;;3;78
1;2;48;Solarizada;2016-10-15;21;10;4;2;6;21;360;;4;79
1;2;48;Solarizada;2016-10-15;22;10;4;1;7;24;265;;3;76.5
1;2;48;Solarizada;2016-10-15;23;10;5;1;6;21;270;;3;76.5
1;2;48;Solarizada;2016-10-18;1;;4;2;7;14;;;5;70.5
1;2;48;Solarizada;2016-10-18;2;;4;1;6;20;;;4;81.5
1;2;48;Solarizada;2016-10-18;3;;5;2;6;14;;;3;83
1;2;48;Solarizada;2016-10-18;4;;4;2;7;25;;;4;86.5
1;2;48;Solarizada;2016-10-18;5;;4;1;6;16;;;3;75.5
1;2;48;Solarizada;2016-10-18;6;;4;1;5.5;19;;;4;77
1;2;48;Solarizada;2016-10-18;7;;5;2;6;20;;;5;77
1;2;48;Solarizada;2016-10-18;8;;5;2;7;22;;;5;77
1;2;48;Solarizada;2016-10-18;9;;5;1;6;21;;;4;79.5
1;2;48;Solarizada;2016-10-18;10;;4;2;6;19;;;3;74
1;2;48;Solarizada;2016-10-18;11;;4;1;6;25;;;3;79.5
1;2;48;Solarizada;2016-10-18;12;;4;3;6;16;;;4;77
1;2;48;Solarizada;2016-10-18;13;;3;2;6.5;20;;;3;75.5
1;2;48;Solarizada;2016-10-18;14;;4;1;6;20;;;4;82
1;2;48;Solarizada;2016-10-18;15;;4;2;7;25;;;3;83.5
1;2;48;Solarizada;2016-10-18;16;;4;1;6;23;;;4;79.5
1;2;48;Solarizada;2016-10-18;17;;4;1;6;18;;;3;76
1;2;48;Solarizada;2016-10-18;18;;5;2;6;22;;;4;77
1;2;48;Solarizada;2016-10-18;19;;4;1;7;25;;;5;86
1;2;48;Solarizada;2016-10-18;20;;5;2;6.5;23;;;3;77
1;2;48;Solarizada;2016-10-18;21;;3;1;6;22;;;4;80.5
1;2;48;Solarizada;2016-10-18;22;;3;2;6;26;;;3;84.5
1;2;48;Solarizada;2016-10-18;23;;4;1;6;22;;;3;76
1;2;49;Hongos;2016-10-11;1;6;4;1;7;21;300;69;2;89
1;2;49;Hongos;2016-10-11;2;6;4.5;2;6.8;29.1;260;70;2;80
1;2;49;Hongos;2016-10-11;3;7;4;2;6.5;18;280;68;2;79
1;2;49;Hongos;2016-10-11;4;6;3;3;6;10;260;70;2;85.5
1;2;49;Hongos;2016-10-11;5;7;4;3;7;15.2;265;75;2;73
1;2;49;Hongos;2016-10-13;1;8;5;1;8;16.5;265;;2;83
1;2;49;Hongos;2016-10-13;2;8;4.5;2;7;14;250;;2;70
1;2;49;Hongos;2016-10-13;3;7;3.5;1;8;21;260;;3;81.5
1;2;49;Hongos;2016-10-13;4;8;4.5;3;8;18;255;;2;76
1;2;49;Hongos;2016-10-13;5;8;3.4;1;7;20.5;232;;3;86.5
1;2;49;Hongos;2016-10-15;1;10;6;2;5.5;22;260;;3;74.5
1;2;49;Hongos;2016-10-15;2;10;4;2;7;20;250;;4;48
1;2;49;Hongos;2016-10-15;3;10;5;1;6;16;270;;3;70
1;2;49;Hongos;2016-10-15;4;10;5;2;6;18;270;;2;74.5
1;2;49;Hongos;2016-10-15;5;10;4;2;6;15;240;;4;70
1;2;49;Hongos;2016-10-15;6;10;4;1;7;21;260;;5;77.5
1;2;49;Hongos;2016-10-15;7;10;5;2;7;21;270;;3;73
1;2;49;Hongos;2016-10-15;8;10;4;1;6;17;280;;4;74.5
1;2;49;Hongos;2016-10-15;9;10;4;1;7;21;240;;3;74
1;2;49;Hongos;2016-10-15;10;10;4;2;7;18;225;;4;73
1;2;49;Hongos;2016-10-15;11;10;5;2;7;20;280;;4;74.5
1;2;49;Hongos;2016-10-15;12;10;5;1;7;19;280;;3;71
1;2;49;Hongos;2016-10-15;13;10;5;1;6;19;270;;4;75.5
1;2;49;Hongos;2016-10-15;14;10;4;1;6;19;280;;4;77
1;2;49;Hongos;2016-10-15;15;10;4;2;7;21;280;;3;77
1;2;49;Hongos;2016-10-15;16;10;5;1;5.5;22;270;;4;73.5
1;2;49;Hongos;2016-10-15;17;10;4;1;7;22;280;;5;78.5
1;2;49;Hongos;2016-10-15;18;10;5;2;6.5;20;240;;3;75
1;2;49;Hongos;2016-10-15;19;10;5;2;6;16;225;;4;79.5
1;2;49;Hongos;2016-10-15;20;10;4;1;7;22;280;;3;68.5
1;2;49;Hongos;2016-10-15;21;10;5;2;6.5;19;280;;4;81.5
1;2;49;Hongos;2016-10-15;22;10;4;3;7;21;270;;5;75.5
1;2;49;Hongos;2016-10-15;23;10;5;2;6;25;280;;3;75.5
1;2;49;Hongos;2016-10-18;1;;4;2;6;13;;;3;66.5
1;2;49;Hongos;2016-10-18;2;;4;1;6.5;18;;;4;77.5
1;2;49;Hongos;2016-10-18;3;;4;2;7;18;;;3;76.5
1;2;49;Hongos;2016-10-18;4;;3;2;7;16;;;2;79.5
1;2;49;Hongos;2016-10-18;5;;4;2;7;22;;;4;80
1;2;49;Hongos;2016-10-18;6;;4;1;6;22;;;5;68.5
1;2;49;Hongos;2016-10-18;7;;4;2;6;27;;;3;78.5
1;2;49;Hongos;2016-10-18;8;;4;1;6;18;;;4;71
1;2;49;Hongos;2016-10-18;9;;3;2;6;14;;;3;77.5
1;2;49;Hongos;2016-10-18;10;;4;2;7;17;;;4;76.5
1;2;49;Hongos;2016-10-18;11;;4;1;6;16;;;4;75
1;2;49;Hongos;2016-10-18;12;;4;1;7;20;;;3;75.5
1;2;49;Hongos;2016-10-18;13;;4;1;6.5;18;;;4;73.5
1;2;49;Hongos;2016-10-18;14;;4;1;6;18;;;4;75.5
1;2;49;Hongos;2016-10-18;15;;4;1;6;22;;;3;77
1;2;49;Hongos;2016-10-18;16;;4;2;6.5;19;;;4;74
1;2;49;Hongos;2016-10-18;17;;2.5;2;7;16;;;5;71.5
1;2;49;Hongos;2016-10-18;18;;4;2;7;14;;;3;66.5
1;2;49;Hongos;2016-10-18;19;;5;2;6;22;;;4;69.5
1;2;49;Hongos;2016-10-18;20;;4;2;7;22;;;3;75
1;2;49;Hongos;2016-10-18;21;;4.5;1;6;17;;;4;70
1;2;49;Hongos;2016-10-18;22;;5;2;6;17;;;5;78.5
1;2;49;Hongos;2016-10-18;23;;4;1;6;22;;;3;74
1;2;50;Basamid;2016-10-11;1;7;3.5;2;7;16.2;265;75;2;84.5
1;2;50;Basamid;2016-10-11;2;7;3;2;7.1;18;295;80;2;91.5
1;2;50;Basamid;2016-10-11;3;7;5;1;6.7;10;270;80;2;80.5
1;2;50;Basamid;2016-10-11;4;7;4;2;7;22;260;75;3;94.5
1;2;50;Basamid;2016-10-11;5;7;4;1;7;28.1;275;70;3;84.5
1;2;50;Basamid;2016-10-13;1;7;4;2;7;20;265;70;2;89.5
1;2;50;Basamid;2016-10-13;2;7;4;2;8;16.4;285;68;2;94.5
1;2;50;Basamid;2016-10-13;3;7;3;2;7;23.9;245;68;3;83.5
1;2;50;Basamid;2016-10-13;4;7;5;2;6.8;17;250;67;3;90
1;2;50;Basamid;2016-10-13;5;7;4;2;8;14;260;72;2;79.5
1;2;50;Basamid;2016-10-15;1;10;3;2;6.5;25.5;300;;5;87.5
1;2;50;Basamid;2016-10-15;2;10;4;2;6.5;22;310;;5;86.5
1;2;50;Basamid;2016-10-15;3;10;4;2;7.5;30;260;;4;104.5
1;2;50;Basamid;2016-10-15;4;10;4;1;6;26;260;;5;86.25
1;2;50;Basamid;2016-10-15;5;10;5;2;7;28.5;250;;5;92.5
1;2;50;Basamid;2016-10-15;6;10;3;1;5;21;260;;3;95
1;2;50;Basamid;2016-10-15;7;10;4;1;7;26;260;;4;93
1;2;50;Basamid;2016-10-15;8;10;3;1;5.5;25;250;;5;92
1;2;50;Basamid;2016-10-15;9;10;6;1;6;23;260;;5;89.5
1;2;50;Basamid;2016-10-15;10;10;5;1;5.5;16;310;;3;89
1;2;50;Basamid;2016-10-15;11;10;4;2;6;19;270;;4;92.5
1;2;50;Basamid;2016-10-15;12;10;5;1;5.5;19;280;;5;87
1;2;50;Basamid;2016-10-15;13;10;6;2;6;23;250;;4;94.5
1;2;50;Basamid;2016-10-15;14;10;5;2;7;24;250;;3;93
1;2;50;Basamid;2016-10-15;15;10;5;1;7;18;260;;4;91.5
1;2;50;Basamid;2016-10-15;16;10;5;2;7.5;24;260;;4;92.5
1;2;50;Basamid;2016-10-15;17;10;5;2;6.5;24;250;;3;91
1;2;50;Basamid;2016-10-15;18;10;5;3;6;25;260;;4;86.5
1;2;50;Basamid;2016-10-15;19;10;5;1;8;23;310;;4;86.5
1;2;50;Basamid;2016-10-15;20;10;4;3;7;22;270;;4;92.5
1;2;50;Basamid;2016-10-15;21;10;5;2;5;14;280;;5;74.5
1;2;50;Basamid;2016-10-15;22;10;5;1;5;22;250;;3;73.5
1;2;50;Basamid;2016-10-15;23;10;5;2;6;21;250;;4;85
1;2;50;Basamid;2016-10-18;1;;5;1;7;28;;;3;87
1;2;50;Basamid;2016-10-18;2;;4;1;7;22;;;3;85.5
1;2;50;Basamid;2016-10-18;3;;5;3;7;23;;;2;84.5
1;2;50;Basamid;2016-10-18;4;;4;1;6;24;;;2;84.5
1;2;50;Basamid;2016-10-18;5;;4;1;6;22;;;3;95.5
1;2;50;Basamid;2016-10-18;6;;5;2;6;22;;;3;88
1;2;50;Basamid;2016-10-18;7;;5;2;7;21;;;2;86
1;2;50;Basamid;2016-10-18;8;;4;1;6;19;;;3;90
1;2;50;Basamid;2016-10-18;9;;4;3;6;25;;;5;91.5
1;2;50;Basamid;2016-10-18;10;;4;2;6;20;;;5;94
1;2;50;Basamid;2016-10-18;11;;4;2;6.5;20;;;4;84.5
1;2;50;Basamid;2016-10-18;12;;4;1;6;22;;;5;90.5
1;2;50;Basamid;2016-10-18;13;;4;2;6;20;;;5;86.5
1;2;50;Basamid;2016-10-18;14;;4;1;6;19;;;3;86.5
1;2;50;Basamid;2016-10-18;15;;3;2;6;22;;;4;95
1;2;50;Basamid;2016-10-18;16;;4;1;7;20;;;5;90
1;2;50;Basamid;2016-10-18;17;;4;1;6;16;;;5;92.5
1;2;50;Basamid;2016-10-18;18;;5;1;6;15;;;3;87.5
1;2;50;Basamid;2016-10-18;19;;4;1;6;16;;;4;89
1;2;50;Basamid;2016-10-18;20;;4;1;7;16;;;5;71
1;2;50;Basamid;2016-10-18;21;;4;1;6;19;;;4;81
1;2;50;Basamid;2016-10-18;22;;4;1;7;17;;;3;80
1;2;50;Basamid;2016-10-18;23;;5;2;6;16;;;4;84.5
1;2;51;Nada;2016-10-11;1;7;5;1;8;20;240;75;3;78.5
1;2;51;Nada;2016-10-11;2;7;4;1;7.6;10;240;75;2;83.5
1;2;51;Nada;2016-10-11;3;8;4.5;2;7;18.5;270;75;2;75.5
1;2;51;Nada;2016-10-11;4;7;3;2;7;16;275;70;3;59
1;2;51;Nada;2016-10-11;5;7;4;1;8;19.8;235;73;3;81.5
1;2;51;Nada;2016-10-13;1;8;3.5;1;7.2;13.3;260;69;3;71
1;2;51;Nada;2016-10-13;2;8;4.5;1;7;17.2;250;70;3;62.5
1;2;51;Nada;2016-10-13;3;8;4;1;6.8;18;285;76;4;77
1;2;51;Nada;2016-10-13;4;7;5;2;7.5;21;350;75;2;74
1;2;51;Nada;2016-10-13;5;8;3.5;1;8.1;16;255;75;2;83
1;2;51;Nada;2016-10-15;1;10;5;2;7;20;270;;2;68
1;2;51;Nada;2016-10-15;2;10;3;2;6;18;250;;4;77.5
1;2;51;Nada;2016-10-15;3;10;4;2;6.5;17;260;;2;47.5
1;2;51;Nada;2016-10-15;4;10;4.5;3;6.5;15;280;;3;72.5
1;2;51;Nada;2016-10-15;5;10;6;2;6;20;300;;2;79.5
1;2;51;Nada;2016-10-15;6;10;5;2;6.5;24;250;;3;83
1;2;51;Nada;2016-10-15;7;10;5;2;6.5;21;270;;4;77
1;2;51;Nada;2016-10-15;8;10;4;2;7;19;250;;3;84.5
1;2;51;Nada;2016-10-15;9;10;4;3;6.5;19;260;;4;77.5
1;2;51;Nada;2016-10-15;10;10;4;2;6;17;280;;3;80.5
1;2;51;Nada;2016-10-15;11;10;5;2;6;27;300;;4;80.5
1;2;51;Nada;2016-10-15;12;10;5;2;7;23;250;;3;85
1;2;51;Nada;2016-10-15;13;10;5;2;7;15;280;;4;81.5
1;2;51;Nada;2016-10-15;14;10;4;3;6;21;270;;5;76.5
1;2;51;Nada;2016-10-15;15;10;5;3;6.5;21;270;;3;83
1;2;51;Nada;2016-10-15;16;10;5;2;6;26;250;;4;79
1;2;51;Nada;2016-10-15;17;10;5;2;7;19;270;;5;76
1;2;51;Nada;2016-10-15;18;10;5;2;6;24;250;;4;83.5
1;2;51;Nada;2016-10-15;19;10;6;1;7;22;260;;3;80.5
1;2;51;Nada;2016-10-15;20;10;5;1;7;17;280;;4;79
1;2;51;Nada;2016-10-15;21;10;4;2;6;21;300;;4;76
1;2;51;Nada;2016-10-15;22;10;5;2;6.5;22;250;;4;94.5
1;2;51;Nada;2016-10-15;23;10;4;2;6;21;300;;4;80.5
1;2;51;Nada;2016-10-18;1;;3;1;7;19;;;3;74.5
1;2;51;Nada;2016-10-18;2;;4;1;6;15;;;2;78.5
1;2;51;Nada;2016-10-18;3;;5;1;7;17;;;2;81
1;2;51;Nada;2016-10-18;4;;4;2;6.5;21;;;3;78
1;2;51;Nada;2016-10-18;5;;4;2;6;18;;;3;65.5
1;2;51;Nada;2016-10-18;6;;4;2;6;15;;;3;66.5
1;2;51;Nada;2016-10-18;7;;4;3;6;15;;;3;74.5
1;2;51;Nada;2016-10-18;8;;4;2;7;19;;;4;78.5
1;2;51;Nada;2016-10-18;9;;4;1;6;25;;;2;75.5
1;2;51;Nada;2016-10-18;10;;4;3;6;21;;;2;77.5
1;2;51;Nada;2016-10-18;11;;4;2;6;19;;;2;79.5
1;2;51;Nada;2016-10-18;12;;4;2;7;27;;;4;78
1;2;51;Nada;2016-10-18;13;;5;1;6;23;;;2;65.5
1;2;51;Nada;2016-10-18;14;;4;1;6;21;;;3;66.5
1;2;51;Nada;2016-10-18;15;;3;1;6.5;21;;;2;74.5
1;2;51;Nada;2016-10-18;16;;4;2;6;21;;;3;78.5
1;2;51;Nada;2016-10-18;17;;3;1;6;20;;;4;75.5
1;2;51;Nada;2016-10-18;18;;4;2;6.5;16;;;3;77.5
1;2;51;Nada;2016-10-18;19;;3;2;6;19;;;4;76
1;2;51;Nada;2016-10-18;20;;5;2;7;20;;;3;82.5
1;2;51;Nada;2016-10-18;21;;4;1;6;16;;;4;79
1;2;51;Nada;2016-10-18;22;;4;2;6;17;;;3;83
1;2;51;Nada;2016-10-18;23;;4;2;7;18;;;4;82.5
1;11;43;Solarizada;2016-10-17;1;7;5;2;6;20;250;;3;67.5
1;11;43;Solarizada;2016-10-17;2;7;6;3;6;21;300;;2;71.5
1;11;43;Solarizada;2016-10-17;3;7;4;2;6;14;300;;2;72
1;11;43;Solarizada;2016-10-17;4;5;5;2;6;14;251;;3;79
1;11;43;Solarizada;2016-10-17;5;6;6;2;6;14;256;;3;77.5
1;11;43;Solarizada;2016-10-17;6;6;5;3;6;20;263;;3;81
1;11;43;Solarizada;2016-10-17;7;7;6;2;6;16;260;;3;75
1;11;43;Solarizada;2016-10-17;8;7;6;2;6;17;250;;4;79.5
1;11;43;Solarizada;2016-10-17;9;7;6;3;6;21;300;;2;80
1;11;43;Solarizada;2016-10-17;10;6;6;2;5;21;252;;2;78.5
1;11;43;Solarizada;2016-10-17;11;5;5;3;6;19;257;;2;72
1;11;43;Solarizada;2016-10-17;12;5;5;2;7;22;251;;4;88.5
1;11;43;Solarizada;2016-10-17;13;5;5;2;6;20;250;;2;85
1;11;43;Solarizada;2016-10-17;14;5;5;2;7;23;300;;3;90
1;11;43;Solarizada;2016-10-17;15;7;5;2;6;19;260;;2;82
1;11;43;Solarizada;2016-10-17;16;6;6;2;6;22;300;;3;70.5
1;11;43;Solarizada;2016-10-17;17;7;5;2;6;17;260;;4;87
1;11;43;Solarizada;2016-10-17;18;5;5;3;7;16;264;;3;85.5
1;11;43;Solarizada;2016-10-17;19;6;6;3;7;19;260;;4;78.5
1;11;43;Solarizada;2016-10-17;20;6;5;2;6;15;264;;3;89.5
1;11;43;Solarizada;2016-10-17;21;6;5;3;6;23;260;;4;92
1;11;43;Solarizada;2016-10-17;22;7;5;3;6;19;254;;3;79.5
1;11;43;Solarizada;2016-10-17;23;7;5;2;6;23;259;;4;92
1;11;43;Solarizada;2016-10-19;1;7;4;2;6;18;270;;3;77.5
1;11;43;Solarizada;2016-10-19;2;7;5;3;6;21;262;;2;68
1;11;43;Solarizada;2016-10-19;3;7;5;3;6;21;270;;2;73.5
1;11;43;Solarizada;2016-10-19;4;8;5;3;6;23;300;;3;74.5
1;11;43;Solarizada;2016-10-19;5;7;5;3;6;23;270;;3;71.5
1;11;43;Solarizada;2016-10-19;6;7;5;2;6;19;273;;3;78
1;11;43;Solarizada;2016-10-19;7;7;5;2;6;17;280;;3;66
1;11;43;Solarizada;2016-10-19;8;7;6;3;6;19;286;;3;70.5
1;11;43;Solarizada;2016-10-19;9;7;5;2;7;19;250;;3;71.5
1;11;43;Solarizada;2016-10-19;10;7;6;2;7;16;200;;3;68.5
1;11;43;Solarizada;2016-10-19;11;7;5;3;7;21;250;;3;73.5
1;11;43;Solarizada;2016-10-19;12;8;4;2;6;20;250;;3;79
1;11;43;Solarizada;2016-10-19;13;8;5;4;6;19;250;;3;66.5
1;11;43;Solarizada;2016-10-19;14;8;6;2;7;19;240;;2;70.5
1;11;43;Solarizada;2016-10-19;15;7;5;2;6;15;250;;3;69
1;11;43;Solarizada;2016-10-19;16;7;6;3;6;18;250;;2;74.5
1;11;43;Solarizada;2016-10-19;17;8;6;3;7;21;260;;3;80.5
1;11;43;Solarizada;2016-10-19;18;7;5;3;6;19;250;;2;65.5
1;11;43;Solarizada;2016-10-19;19;6;5;3;6;15;200;;2;73.5
1;11;43;Solarizada;2016-10-19;20;5;6;2;7;18;200;;2;67.5
1;11;43;Solarizada;2016-10-19;21;8;6;2;6;20;240;;3;78
1;11;43;Solarizada;2016-10-19;22;5;6;3;6;20;210;;3;81
1;11;43;Solarizada;2016-10-19;23;7;5;2;6;19;280;;3;82.5
1;11;43;Solarizada;2016-10-20;1;8;3;2;7;20;255;;4;71
1;11;43;Solarizada;2016-10-20;2;9;3;2;7;19;225;;2;70
1;11;43;Solarizada;2016-10-20;3;10;3;3;7;19;230;;2;68
1;11;43;Solarizada;2016-10-20;4;8;5;1;6;21;233;;3;72.5
1;11;43;Solarizada;2016-10-20;5;8;4;3;6;20;250;;4;73
1;11;43;Solarizada;2016-10-20;6;6;4;2;6;17;225;;3;70
1;11;43;Solarizada;2016-10-20;7;9;4;2;6;18;300;;3;81.5
1;11;43;Solarizada;2016-10-20;8;9;5;2;6;10;255;;3;67.5
1;11;43;Solarizada;2016-10-20;9;10;4;2;6;25;270;;4;80
1;11;43;Solarizada;2016-10-20;10;10;4;2;6;17;275;;3;77.5
1;11;43;Solarizada;2016-10-20;11;8;6;2;6;22;255;;3;69
1;11;43;Solarizada;2016-10-20;12;7;5;2;6;14;260;;3;74
1;11;43;Solarizada;2016-10-20;13;7;5;3;7;17;255;;2;70.5
1;11;43;Solarizada;2016-10-20;14;8;5;3;7;19;260;;3;82
1;11;43;Solarizada;2016-10-20;15;10;5;2;7;19;255;;3;75
1;11;43;Solarizada;2016-10-20;16;10;5;2;6;21;260;;3;81.5
1;11;43;Solarizada;2016-10-20;17;7;4;3;7;14;250;;3;66
1;11;43;Solarizada;2016-10-20;18;8;4;3;7;18;278;;3;68.5
1;11;43;Solarizada;2016-10-20;19;8;4;2;6.5;19;270;;3;72
1;11;43;Solarizada;2016-10-20;20;10;4;2;7;22;270;;3;73
1;11;43;Solarizada;2016-10-20;21;9;4;2;7;16;300;;3;74
1;11;43;Solarizada;2016-10-20;22;9;4;3;7;17;300;;3;72
1;11;43;Solarizada;2016-10-20;23;9;4;3;7;23;285;;3;74
1;11;43;Solarizada;2016-10-23;1;10;4;2;6;23;220;;3;88
1;11;43;Solarizada;2016-10-23;2;10;4;3;6;20;210;;1;86.5
1;11;43;Solarizada;2016-10-23;3;10;4;2;6;19;195;;3;85.5
1;11;43;Solarizada;2016-10-23;4;10;4;2;6;22;200;;3;85
1;11;43;Solarizada;2016-10-23;5;10;4;2;6;10;210;;3;83.5
1;11;43;Solarizada;2016-10-23;6;10;4;3;6;21;200;;3;84
1;11;43;Solarizada;2016-10-23;7;10;4;2;6;20;230;;3;76
1;11;43;Solarizada;2016-10-23;8;10;4;2;6;20;210;;3;83
1;11;43;Solarizada;2016-10-23;9;10;4;3;6;18;220;;3;83
1;11;43;Solarizada;2016-10-23;10;10;4;2;6;20;250;;3;85
1;11;43;Solarizada;2016-10-23;11;10;5;3;7;22;250;;2;81.5
1;11;43;Solarizada;2016-10-23;12;10;4;2;7;18;240;;3;80
1;11;43;Solarizada;2016-10-23;13;10;4;4;7;19;200;;3;70.5
1;11;43;Solarizada;2016-10-23;14;10;4;2;6;20;200;;2;85
1;11;43;Solarizada;2016-10-23;15;10;5;3;6;20;220;;2;55
1;11;43;Solarizada;2016-10-23;16;10;4;2;6;20;220;;3;80.5
1;11;43;Solarizada;2016-10-23;17;10;4;3;8;21;230;;2;81
1;11;43;Solarizada;2016-10-23;18;10;4;3;6;16;200;;2;73
1;11;43;Solarizada;2016-10-23;19;10;4;2;7;22;210;;2;79.5
1;11;43;Solarizada;2016-10-23;20;10;4;2;6;19;280;;2;80
1;11;43;Solarizada;2016-10-23;21;10;5;2;6;22;250;;3;75.5
1;11;43;Solarizada;2016-10-23;22;10;4;1;6;19;200;;2;80
1;11;43;Solarizada;2016-10-23;23;10;4;3;6;23;300;;2;49.5
1;11;44;Nada;2016-10-17;1;6;4;2;6.5;14;250;;3;63
1;11;44;Nada;2016-10-17;2;6;5;2;6;14;250;;2;71.5
1;11;44;Nada;2016-10-17;3;7;5;1;6.5;13;259;;2;75.5
1;11;44;Nada;2016-10-17;4;7;5;3;6;23;249;;3;69
1;11;44;Nada;2016-10-17;5;8;5;2;6;18;260;;3;73.5
1;11;44;Nada;2016-10-17;6;8;5;2;7;14;300;;3;71
1;11;44;Nada;2016-10-17;7;7;5;3;6;16;263;;3;79
1;11;44;Nada;2016-10-17;8;6;6;3;7;18;261;;3;64
1;11;44;Nada;2016-10-17;9;5;5;2;6;18;255;;3;71.5
1;11;44;Nada;2016-10-17;10;5;6;2;6.5;21;253;;3;76
1;11;44;Nada;2016-10-17;11;7;5;2;6;18;258;;3;72.5
1;11;44;Nada;2016-10-17;12;6;4;3;6.5;22;269;;3;70
1;11;44;Nada;2016-10-17;13;8;5;3;5;10;270;;3;76
1;11;44;Nada;2016-10-17;14;8;6;2;5;14;279;;2;70
1;11;44;Nada;2016-10-17;15;8;5;2;6;14;300;;3;78.5
1;11;44;Nada;2016-10-17;16;6;6;1;6;20;256;;2;86
1;11;44;Nada;2016-10-17;17;6;6;1;6;19;301;;3;87.5
1;11;44;Nada;2016-10-17;18;7;5;2;6;17;273;;2;73.5
1;11;44;Nada;2016-10-17;19;8;5;3;6.5;13;255;;2;68
1;11;44;Nada;2016-10-17;20;8;6;3;6;21;264;;2;70.5
1;11;44;Nada;2016-10-17;21;7;6;3;7;18;250;;3;90
1;11;44;Nada;2016-10-17;22;7;6;3;7.5;23;302;;3;77.5
1;11;44;Nada;2016-10-17;23;7;5;2;6;18;241;;2;81.5
1;11;44;Nada;2016-10-23;1;;4;2;6;21;250;;2;78
1;11;44;Nada;2016-10-23;2;;5;2;6;17;259;;2;80.5
1;11;44;Nada;2016-10-23;3;;4;3;6;18;249;;3;69
1;11;44;Nada;2016-10-23;4;;5;2;6;21;260;;3;75
1;11;44;Nada;2016-10-23;5;;4;3;6;19;300;;3;73
1;11;44;Nada;2016-10-23;6;;6;2;7;21;263;;3;79
1;11;44;Nada;2016-10-23;7;;5;2;7;18;261;;3;76
1;11;44;Nada;2016-10-23;8;;4;3;7;19;255;;3;73.5
1;11;44;Nada;2016-10-23;9;;5;3;6;18;253;;3;73.5
1;11;44;Nada;2016-10-23;10;;6;3;6;19;258;;3;75.5
1;11;44;Nada;2016-10-23;11;;4;2;7;15;269;;3;75
1;11;44;Nada;2016-10-23;12;;5;3;7;19;270;;3;86.5
1;11;44;Nada;2016-10-23;13;;5;2;6;21;279;;2;75.5
1;11;44;Nada;2016-10-23;14;;4;3;6;22;300;;3;72
1;11;44;Nada;2016-10-23;15;;5;2;7;16;256;;2;62.5
1;11;44;Nada;2016-10-23;16;;5;2;6;14;258;;4;66.5
1;11;44;Nada;2016-10-23;17;;6;3;6;23;269;;3;66
1;11;44;Nada;2016-10-23;18;;5;2;7;19;270;;4;78
1;11;44;Nada;2016-10-23;19;;6;2;6;19;279;;3;73
1;11;44;Nada;2016-10-23;20;;5;2;6;17;300;;4;71.5
1;11;44;Nada;2016-10-23;21;;5;3;6;13;256;;3;79
1;11;44;Nada;2016-10-23;22;;5;2;6;18;240;;3;75
1;11;44;Nada;2016-10-23;23;;6;2;6;20;210;;4;76
1;11;44;Nada;2016-10-23;1;;4;2;7;15;180;;4;67.5
1;11;44;Nada;2016-10-23;2;;4;3;7;18;205;;4;70
1;11;44;Nada;2016-10-23;3;;4;3;8;17;200;;4;69.5
1;11;44;Nada;2016-10-23;4;;5;3;7;17;255;;4;75
1;11;44;Nada;2016-10-23;5;;4;3;7;17;270;;3;74
1;11;44;Nada;2016-10-23;6;;4;2;7;17;240;;3;71.5
1;11;44;Nada;2016-10-23;7;;4;2;8;17;200;;3;66
1;11;44;Nada;2016-10-23;8;;5;2;7;23;230;;3;75.5
1;11;44;Nada;2016-10-23;9;;5;2;6;21;270;;3;73.5
1;11;44;Nada;2016-10-23;10;;4;2;7;18;200;;3;73
1;11;44;Nada;2016-10-23;11;;4;2;7;20;235;;3;75.5
1;11;44;Nada;2016-10-23;12;;4;2;7;21;220;;3;74.5
1;11;44;Nada;2016-10-23;13;;4;2;7;25;245;;3;73.5
1;11;44;Nada;2016-10-23;14;;5;2;6;17;270;;3;75.5
1;11;44;Nada;2016-10-23;15;;5;2;6;23;290;;3;68
1;11;44;Nada;2016-10-23;16;;5;2;7;17;220;;3;65.5
1;11;44;Nada;2016-10-23;17;;5;2;7;15;240;;3;70
1;11;44;Nada;2016-10-23;18;;4;1;6;19;230;;4;69.5
1;11;44;Nada;2016-10-23;19;;4;2;6;15;260;;2;70
1;11;44;Nada;2016-10-23;20;;4;2;7;18;270;;3;67.5
1;11;44;Nada;2016-10-23;21;;4;2;7;18;235;;3;83.5
1;11;44;Nada;2016-10-23;22;;4;1;6;23;220;;3;76
1;11;44;Nada;2016-10-23;23;;5;2;7;20;245;;4;83.5
1;11;44;Nada;2016-10-23;1;10;4;2;6;19;240;;2;71
1;11;44;Nada;2016-10-23;2;10;4;2;7;20;210;;3;71
1;11;44;Nada;2016-10-23;3;10;3;2;6;17;180;;2;73.5
1;11;44;Nada;2016-10-23;4;10;5;3;7;21;205;;2;80
1;11;44;Nada;2016-10-23;5;10;4;2;6;19;200;;3;75.5
1;11;44;Nada;2016-10-23;6;10;4;3;6;15;255;;2;72
1;11;44;Nada;2016-10-23;7;10;4;2;6;19;270;;3;74
1;11;44;Nada;2016-10-23;8;10;4;2;6;18;240;;3;66
1;11;44;Nada;2016-10-23;9;10;4;2;6;18;200;;2;76
1;11;44;Nada;2016-10-23;10;10;5;2;6;19;230;;2;69.5
1;11;44;Nada;2016-10-23;11;10;5;2;6;14;270;;2;78.5
1;11;44;Nada;2016-10-23;12;10;4;2;6;15;200;;3;78
1;11;44;Nada;2016-10-23;13;10;4;2;7;16;235;;3;66.5
1;11;44;Nada;2016-10-23;14;10;4;2;6;21;220;;3;73
1;11;44;Nada;2016-10-23;15;10;5;2;6;18;245;;3;78
1;11;44;Nada;2016-10-23;16;10;4;3;6;20;270;;3;66.5
1;11;44;Nada;2016-10-23;17;10;5;1;6;14;290;;3;74
1;11;44;Nada;2016-10-23;18;10;4;2;6;13;220;;2;68
1;11;44;Nada;2016-10-23;19;10;4;2;6;19;240;;2;70.5
1;11;44;Nada;2016-10-23;20;10;3;1;6;18;230;;2;70.5
1;11;44;Nada;2016-10-23;21;10;4;2;6;19;260;;1;69.5
1;11;44;Nada;2016-10-23;22;10;4;2;6;18;270;;2;69
1;11;44;Nada;2016-10-23;23;10;4;2;6;17;200;;3;65
1;11;45;Basamid;2016-10-17;1;7;5.5;3;6;15;259;;3;69.5
1;11;45;Basamid;2016-10-17;2;7;4;3;6;15;259;;3;71.5
1;11;45;Basamid;2016-10-17;3;7;5;2;6;17;260;;2;74.5
1;11;45;Basamid;2016-10-17;4;6;4.5;4;6;23;300;;3;79.5
1;11;45;Basamid;2016-10-17;5;5;5;2;5;18;302;;3;78
1;11;45;Basamid;2016-10-17;6;6;3;3;6;18;254;;3;83.5
1;11;45;Basamid;2016-10-17;7;6;4;3;6;24;251;;2;74.5
1;11;45;Basamid;2016-10-17;8;5;5;3;7;23;257;;2;80.5
1;11;45;Basamid;2016-10-17;9;7;4;2;7;22;260;;3;78.5
1;11;45;Basamid;2016-10-17;10;6;4;4;6;16;263;;3;81
1;11;45;Basamid;2016-10-17;11;5;3.5;3;6;24;269;;3;80.5
1;11;45;Basamid;2016-10-17;12;5;4;2;5;21;278;;3;83.5
1;11;45;Basamid;2016-10-17;13;6;4;2;6;17;250;;2;83.5
1;11;45;Basamid;2016-10-17;14;7;5;2;6;21;260;;3;79.5
1;11;45;Basamid;2016-10-17;15;6;4;3;5;23;300;;3;82.5
1;11;45;Basamid;2016-10-17;16;10;4;2;6;15;264;;2;75.5
1;11;45;Basamid;2016-10-17;17;7;5;2;6;22;267;;2;81.5
1;11;45;Basamid;2016-10-17;18;6;4;2;6;20;260;;3;78
1;11;45;Basamid;2016-10-17;19;5;4;3;7;18;255;;2;79.5
1;11;45;Basamid;2016-10-17;20;5;5;2;6;18;250;;3;76.5
1;11;45;Basamid;2016-10-17;21;5;4;3;7;18;254;;3;80.5
1;11;45;Basamid;2016-10-17;22;7;5;2;6;10;300;;3;66
1;11;45;Basamid;2016-10-17;23;6;6;3;6;10;;;3;74.5
1;11;45;Basamid;2016-10-17;1;7;3;3;6;21;210;;3;80.5
1;11;45;Basamid;2016-10-17;2;7;3;3;6;20;220;;4;72.5
1;11;45;Basamid;2016-10-17;3;9;3;2;7;24;280;;3;77
1;11;45;Basamid;2016-10-17;4;8;4;4;6;23;280;;4;88.5
1;11;45;Basamid;2016-10-17;5;10;4;2;7;18;310;;3;74.5
1;11;45;Basamid;2016-10-17;6;10;4;3;7;21;300;;3;64.5
1;11;45;Basamid;2016-10-17;7;7;3;3;7;26;270;;3;78.5
1;11;45;Basamid;2016-10-17;8;9;4;3;7;24;250;;4;81.5
1;11;45;Basamid;2016-10-17;9;9;4;2;8;18;252;;3;72
1;11;45;Basamid;2016-10-17;10;7;4;4;7;19;280;;4;82
1;11;45;Basamid;2016-10-17;11;7;5;3;6;24;250;;3;86.5
1;11;45;Basamid;2016-10-17;12;6;4;2;6;23;280;;4;83.5
1;11;45;Basamid;2016-10-17;13;7;5;2;6;21;280;;2;74
1;11;45;Basamid;2016-10-17;14;7;4;2;7;19;250;;4;75
1;11;45;Basamid;2016-10-17;15;7;5;3;6;18;280;;4;88.5
1;11;45;Basamid;2016-10-17;16;10;4;2;7;23;300;;3;81
1;11;45;Basamid;2016-10-17;17;7;4;2;6;18;250;;3;87.5
1;11;45;Basamid;2016-10-17;18;8;5;2;8;19;280;;3;79
1;11;45;Basamid;2016-10-17;19;8;5;3;6;23;280;;4;73
1;11;45;Basamid;2016-10-17;20;8;4;2;6;18;250;;3;75.5
1;11;45;Basamid;2016-10-17;21;7;5;3;8;18;250;;2;67
1;11;45;Basamid;2016-10-17;22;7;5;2;7;22;250;;3;73
1;11;45;Basamid;2016-10-17;23;7;4;3;7;19;250;;2;72.5
1;11;45;Basamid;2016-10-20;1;8;5;2;7;18;255;;3;85
1;11;45;Basamid;2016-10-20;2;7;5;2;6.5;19;243;;3;80
1;11;45;Basamid;2016-10-20;3;9;4;2;6;19;260;;3;84.5
1;11;45;Basamid;2016-10-20;4;9;5;2;6;22;265;;3;86
1;11;45;Basamid;2016-10-20;5;9;5;2;6;24;250;;4;88
1;11;45;Basamid;2016-10-20;6;7;4;1;7;22;240;;3;73
1;11;45;Basamid;2016-10-20;7;8;5;2;7;19;265;;3;77.5
1;11;45;Basamid;2016-10-20;8;7;4;3;6;26;260;;3;80.5
1;11;45;Basamid;2016-10-20;9;7;4;2;6;21;255;;3;87.5
1;11;45;Basamid;2016-10-20;10;9;5;2;7;22;300;;2;81
1;11;45;Basamid;2016-10-20;11;9;3;1;7;19;225;;3;76
1;11;45;Basamid;2016-10-20;12;9;3;2;7;25;225;;4;73
1;11;45;Basamid;2016-10-20;13;9;4;2;7;18;225;;4;76.5
1;11;45;Basamid;2016-10-20;14;8;5;1;7;22;225;;3;79
1;11;45;Basamid;2016-10-20;15;10;5;2;7;19;280;;3;80
1;11;45;Basamid;2016-10-20;16;10;5;2;8;22;290;;3;71.5
1;11;45;Basamid;2016-10-20;17;10;5;3;7;18;300;;3;74.5
1;11;45;Basamid;2016-10-20;18;7;5;2;6;20;225;;3;75.5
1;11;45;Basamid;2016-10-20;19;9;4;3;7;18;300;;3;81
1;11;45;Basamid;2016-10-20;20;9;4;2;7;28;250;;3;77.5
1;11;45;Basamid;2016-10-20;21;9;4;2;6;16;260;;3;76
1;11;45;Basamid;2016-10-20;22;9;6;2;6;20;270;;4;72
1;11;45;Basamid;2016-10-20;23;10;4;2;6;17;260;;3;71
1;11;45;Basamid;2016-10-23;1;10;4;2;6;23;400;;3;80.5
1;11;45;Basamid;2016-10-23;2;10;4;3;6;20;390;;1;72.5
1;11;45;Basamid;2016-10-23;3;10;4;2;6;19;300;;3;77
1;11;45;Basamid;2016-10-23;4;10;4;2;6;22;290;;3;88.5
1;11;45;Basamid;2016-10-23;5;10;4;2;6;20;200;;3;74.5
1;11;45;Basamid;2016-10-23;6;10;4;3;6;21;280;;3;64.5
1;11;45;Basamid;2016-10-23;7;10;4;2;6;22;255;;3;78.5
1;11;45;Basamid;2016-10-23;8;10;4;2;6;20;360;;3;81.5
1;11;45;Basamid;2016-10-23;9;10;4;3;6;18;350;;3;72
1;11;45;Basamid;2016-10-23;10;10;5;2;6;20;350;;3;82
1;11;45;Basamid;2016-10-23;11;10;4;3;7;22;240;;2;86.5
1;11;45;Basamid;2016-10-23;12;10;4;2;7;18;260;;3;83.5
1;11;45;Basamid;2016-10-23;13;10;4;2;7;19;230;;3;74
1;11;45;Basamid;2016-10-23;14;10;5;2;6;20;250;;2;75
1;11;45;Basamid;2016-10-23;15;10;4;3;6;20;250;;2;88.5
1;11;45;Basamid;2016-10-23;16;10;4;2;6;20;220;;3;81
1;11;45;Basamid;2016-10-23;17;10;4;3;8;21;250;;2;87.5
1;11;45;Basamid;2016-10-23;18;10;4;3;6;16;240;;2;79
1;11;45;Basamid;2016-10-23;19;10;4;2;7;22;240;;2;73
1;11;45;Basamid;2016-10-23;20;10;4;2;6;19;220;;2;75.5
1;11;45;Basamid;2016-10-23;21;10;5;2;6;22;240;;3;67
1;11;45;Basamid;2016-10-23;22;10;4;1;6;29;220;;2;73
1;11;45;Basamid;2016-10-23;23;10;4;3;6;23;230;;2;72.5
1;11;46;Hongos;2016-10-17;1;6;5;3;5;22;246;;3;61
1;11;46;Hongos;2016-10-17;2;6;5;2;5;19;246;;2;68.5
1;11;46;Hongos;2016-10-17;3;8;4;3;5;16;245;;2;56.5
1;11;46;Hongos;2016-10-17;4;7;5;3;6;16;260;;3;66.5
1;11;46;Hongos;2016-10-17;5;8;4;2;6;16;255;;3;72
1;11;46;Hongos;2016-10-17;6;5;5;2;6;12;269;;3;68
1;11;46;Hongos;2016-10-17;7;7;5;2;6;14;256;;3;61
1;11;46;Hongos;2016-10-17;8;6;4;1;5.5;14;263;;4;68.5
1;11;46;Hongos;2016-10-17;9;7;4;1;6;14;260;;2;66
1;11;46;Hongos;2016-10-17;10;8;5;2;5;14;300;;2;63.5
1;11;46;Hongos;2016-10-17;11;6;4;3;6;14;247;;2;65.5
1;11;46;Hongos;2016-10-17;12;6;5;3;7;14;242;;4;58
1;11;46;Hongos;2016-10-17;13;7;5;3;6;10;300;;2;56
1;11;46;Hongos;2016-10-17;14;7;4;2;6;14;251;;3;57.5
1;11;46;Hongos;2016-10-17;15;7;5;3;7;14;253;;2;68.5
1;11;46;Hongos;2016-10-17;16;6;6;1;5;14;260;;3;74.5
1;11;46;Hongos;2016-10-17;17;5;4;2;5;15;254;;4;65.5
1;11;46;Hongos;2016-10-17;18;7;5;1;5;13;300;;3;62
1;11;46;Hongos;2016-10-17;19;7;4;2;5;24;300;;4;68.5
1;11;46;Hongos;2016-10-17;20;5;5;3;6;17;300;;3;68.5
1;11;46;Hongos;2016-10-20;1;6;5;2;7;16;270;;4;65
1;11;46;Hongos;2016-10-20;2;7;6;1;7.5;28;249;;3;62.5
1;11;46;Hongos;2016-10-20;3;7;5;1;7;16;300;;4;70
1;11;46;Hongos;2016-10-20;4;7;4;3;7;18;300;;5;72.5
1;11;46;Hongos;2016-10-20;5;8;5;3;7.5;13;300;;4;68
1;11;46;Hongos;2016-10-20;6;7;4;1;7;17;270;;5;62
1;11;46;Hongos;2016-10-20;7;6;5;2;6;15;240;;4;62
1;11;46;Hongos;2016-10-20;8;6;6;1;7;18;270;;4;70
1;11;46;Hongos;2016-10-20;9;5;5;3;6;17;270;;4;66
1;11;46;Hongos;2016-10-20;10;5;4;3;7;17;250;;4;75.5
1;11;46;Hongos;2016-10-20;11;6;5;2;6;19;250;;3;74
1;11;46;Hongos;2016-10-20;12;8;4;2;6;17;280;;3;75
1;11;46;Hongos;2016-10-20;13;10;5;3;7;19;310;;4;67
1;11;46;Hongos;2016-10-20;14;9;6;2;7;16;300;;3;61
1;11;46;Hongos;2016-10-20;15;6;5;3;6;18;250;;4;64
1;11;46;Hongos;2016-10-20;16;5;4;2;6.5;18;200;;3;69
1;11;46;Hongos;2016-10-20;17;5;5;3;7;24;200;;4;74.5
1;11;46;Hongos;2016-10-20;18;10;6;2;6;19;310;;3;73.5
1;11;46;Hongos;2016-10-20;19;8;5;3;7;19;270;;4;61.5
1;11;46;Hongos;2016-10-20;20;7;6;2;6;17;260;;3;65
1;11;46;Hongos;2016-10-20;21;5;5;2;7;19;210;;3;64.5
1;11;46;Hongos;2016-10-20;22;5;5;3;7;19;220;;4;65.5
1;11;46;Hongos;2016-10-20;23;5;6;2;8;18;220;;3;73.5
1;11;46;Hongos;2016-10-21;1;8;3;2;7;12;210;;1;63
1;11;46;Hongos;2016-10-21;2;9;4;3;7;19;210;;2;62.5
1;11;46;Hongos;2016-10-21;3;9;4;3;7;20;230;;2;58.5
1;11;46;Hongos;2016-10-21;4;10;3;2;6;14;285;;3;66
1;11;46;Hongos;2016-10-21;5;9;3;2;7;19;250;;3;65.5
1;11;46;Hongos;2016-10-21;6;10;4;2;7;15;270;;3;71
1;11;46;Hongos;2016-10-21;7;10;4;3;7;17;270;;3;64.5
1;11;46;Hongos;2016-10-21;8;9;4;2;7;20;265;;3;60
1;11;46;Hongos;2016-10-21;9;;4;2;7;14;200;;3;71
1;11;46;Hongos;2016-10-21;10;;4;3;7;15;310;;3;65
1;11;46;Hongos;2016-10-21;11;;4;2;7;19;270;;4;65
1;11;46;Hongos;2016-10-21;12;;3;2;7.5;17;260;;3;64.5
1;11;46;Hongos;2016-10-21;13;;5;3;6;13;210;;3;68
1;11;46;Hongos;2016-10-21;14;;5;2;6;14;220;;3;73
1;11;46;Hongos;2016-10-21;15;;5;1;7;20;220;;3;72.5
1;11;46;Hongos;2016-10-21;16;;6;2;8;23;210;;3;70.5
1;11;46;Hongos;2016-10-21;17;;5;4;7;18;210;;3;71
1;11;46;Hongos;2016-10-21;18;;4;3;7;17;230;;2;70
1;11;46;Hongos;2016-10-21;19;;4;2;7;16;285;;3;60
1;11;46;Hongos;2016-10-21;20;;4;2;7;18;210;;3;67
1;11;46;Hongos;2016-10-21;21;;5;2;6;15;210;;3;60.5
1;11;46;Hongos;2016-10-21;22;;4;1;7;16;230;;3;59
1;11;46;Hongos;2016-10-21;23;;4;2;6;18;260;;3;66
1;11;46;Hongos;2016-10-23;1;10;4;3;7;17;260;;2;63
1;11;46;Hongos;2016-10-23;2;10;4;3;8;20;280;;3;62.5
1;11;46;Hongos;2016-10-23;3;10;4;3;7;19;260;;3;58.5
1;11;46;Hongos;2016-10-23;4;10;4;3;7;18;275;;3;66
1;11;46;Hongos;2016-10-23;5;10;4;3;7;17;170;;3;65.5
1;11;46;Hongos;2016-10-23;6;10;4;3;7;15;250;;3;71
1;11;46;Hongos;2016-10-23;7;10;4;3;7;15;220;;4;74.5
1;11;46;Hongos;2016-10-23;8;10;5;3;8;15;275;;3;65.5
1;11;46;Hongos;2016-10-23;9;10;5;3;7;16;270;;2;62
1;11;46;Hongos;2016-10-23;10;10;5;2;7;19;260;;3;68.5
1;11;46;Hongos;2016-10-23;11;10;4;2;7;17;260;;2;68.5
1;11;46;Hongos;2016-10-23;12;10;4;3;7;19;250;;2;56.5
1;11;46;Hongos;2016-10-23;13;10;4;1;7;17;250;;2;66.5
1;11;46;Hongos;2016-10-23;14;10;4;3;6;16;250;;2;72
1;11;46;Hongos;2016-10-23;15;10;3;2;7;19;240;;1;68
1;11;46;Hongos;2016-10-23;16;10;5;3;7;18;240;;3;61
1;11;46;Hongos;2016-10-23;17;10;4;2;7;17;210;;1;68.5
1;11;46;Hongos;2016-10-23;18;10;4;2;7;21;270;;2;66
1;11;46;Hongos;2016-10-23;19;10;4;3;7;16;270;;2;63.5
1;11;46;Hongos;2016-10-23;20;10;4;1;7;18;265;;2;65.5
1;11;46;Hongos;2016-10-23;21;10;4;3;7;18;210;;2;58
1;11;46;Hongos;2016-10-23;22;10;4;2;7;16;270;;3;56
1;11;46;Hongos;2016-10-23;23;10;4;3;7;21;270;;3;57.5
1;11;46;Hongos;2016-10-23;1;10;4;2;6;20;179;;1;62.5
1;11;46;Hongos;2016-10-23;2;10;4;3;7;19;165;;2;70
1;11;46;Hongos;2016-10-23;3;10;4;2;5;20;175;;1;72.5
1;11;46;Hongos;2016-10-23;4;10;4;1;6;27;160;;2;68
1;11;46;Hongos;2016-10-23;5;10;5;2;8;17;200;;1;62
1;11;46;Hongos;2016-10-23;6;10;4;4;6;23;170;;1;62
1;11;46;Hongos;2016-10-23;7;10;4;3;8;22;160;;1;70
1;11;46;Hongos;2016-10-23;8;10;3;2;7;20;195;;2;66
1;11;46;Hongos;2016-10-23;9;10;4;2;8;20;170;;1;75.5
1;11;46;Hongos;2016-10-23;10;10;5;2;7;21;200;;1;74
1;11;46;Hongos;2016-10-23;11;10;4;1;7;24;160;;1;75
1;11;46;Hongos;2016-10-23;12;10;5;2;6;25;179;;3;67
1;11;46;Hongos;2016-10-23;13;10;5;3;5;22;150;;2;61
1;11;46;Hongos;2016-10-23;14;10;5;3;5;18;170;;1;64
1;11;46;Hongos;2016-10-23;15;10;4;3;6;23;185;;1;69
1;11;46;Hongos;2016-10-23;16;10;4;3;5;20;190;;1;74.5
1;11;46;Hongos;2016-10-23;17;10;4;3;5;20;190;;1;73.5
1;11;46;Hongos;2016-10-23;18;10;4;3;5;19;210;;1;61.5
1;11;46;Hongos;2016-10-23;19;10;5;3;6;20;180;;1;65
1;11;46;Hongos;2016-10-23;20;10;4;3;7;19;150;;1;64.5
1;11;46;Hongos;2016-10-23;21;10;4;3;7;24;170;;1;65.5
1;11;46;Hongos;2016-10-23;22;10;4;2;7;19;185;;2;73.5
1;11;46;Hongos;2016-10-23;23;10;4;2;7;23;190;;2;67
1;10;141;Solarizada;2016-10-27;1;7;5;2;6;12;270;;3;67
1;10;141;Solarizada;2016-10-27;2;7;5;2;6;17;280;;3;67
1;10;141;Solarizada;2016-10-27;3;7;5;2;6;13;290;;3;71
1;10;141;Solarizada;2016-10-27;4;7;4;2;7;17;270;;4;72.5
1;10;141;Solarizada;2016-10-27;5;7;4;2;7;15;280;;3;72.5
1;10;141;Solarizada;2016-10-27;6;7;4;2;6;18;240;;4;73.5
1;10;141;Solarizada;2016-10-27;7;7;4;2;6;12;210;;3;70
1;10;141;Solarizada;2016-10-27;8;7;4;2;7;16;210;;4;77
1;10;141;Solarizada;2016-10-27;9;7;4;3;6;16;300;;3;67
1;10;141;Solarizada;2016-10-27;10;7;4;2;6;16;280;;3;74
1;10;141;Solarizada;2016-10-27;11;7;4;2;6;15;270;;3;69
1;10;141;Solarizada;2016-10-27;12;7;4;2;6;19;250;;3;66.5
1;10;141;Solarizada;2016-10-27;13;7;4;2;6;13;300;;3;65.5
1;10;141;Solarizada;2016-10-27;14;7;4;3;6;17;200;;3;68
1;10;141;Solarizada;2016-10-27;15;7;4;2;7;14;150;;4;66
1;10;141;Solarizada;2016-10-27;16;7;4;3;7;16;200;;2;66.5
1;10;141;Solarizada;2016-10-27;17;7;4;2;6;17;240;;3;68
1;10;141;Solarizada;2016-10-27;18;7;4;2;6;18;270;;3;59
1;10;141;Solarizada;2016-10-27;19;7;5;2;7;17;170;;2;70
1;10;141;Solarizada;2016-10-27;20;7;4;3;6;19;300;;3;76.5
1;10;141;Solarizada;2016-10-27;21;7;4;3;6;18;170;;3;77
1;10;141;Solarizada;2016-10-27;22;7;5;3;7;17;300;;3;75.5
1;10;141;Solarizada;2016-10-27;23;7;4;3;7;21;170;;3;54
1;10;141;Solarizada;2016-10-29;1;10;4;2;7;12;200;;3;66.5
1;10;141;Solarizada;2016-10-29;2;10;4;2;6;14;290;;3;59.5
1;10;141;Solarizada;2016-10-29;3;10;4;2;6;12;270;;3;62.5
1;10;141;Solarizada;2016-10-29;4;10;4;2;6;16;220;;4;63
1;10;141;Solarizada;2016-10-29;5;10;4;3;6;18;300;;4;70.5
1;10;141;Solarizada;2016-10-29;6;10;4;2;6;14;290;;5;70.5
1;10;141;Solarizada;2016-10-29;7;10;5;2;6;18;240;;4;74.5
1;10;141;Solarizada;2016-10-29;8;10;4;3;6;18;270;;3;72
1;10;141;Solarizada;2016-10-29;9;10;4;3;6;16;270;;3;78
1;10;141;Solarizada;2016-10-29;10;9;4;3;6;16;250;;3;70
1;10;141;Solarizada;2016-10-29;11;10;4;3;7;17;270;;4;77
1;10;141;Solarizada;2016-10-29;12;10;5;3;7;16;280;;2;65.5
1;10;141;Solarizada;2016-10-29;13;9;4;2;7;14;290;;4;74
1;10;141;Solarizada;2016-10-29;14;10;4;3;6;18;270;;4;73.5
1;10;141;Solarizada;2016-10-29;15;10;4;2;6;18;280;;3;61.5
1;10;141;Solarizada;2016-10-29;16;8;4;3;7;14;240;;4;78.5
1;10;141;Solarizada;2016-10-29;17;7;4;2;6;19;210;;4;77
1;10;141;Solarizada;2016-10-29;18;7;5;3;7;14;210;;4;76.5
1;10;141;Solarizada;2016-10-29;19;10;4;3;6;14;300;;2;77
1;10;141;Solarizada;2016-10-29;20;10;4;3;7;17;280;;4;60.5
1;10;141;Solarizada;2016-10-29;21;9;4;2;6;12;270;;3;69.5
1;10;141;Solarizada;2016-10-29;22;8;4;2;7;16;250;;3;58
1;10;141;Solarizada;2016-10-29;23;7;4;3;7;19;300;;3;62.5
1;10;141;Solarizada;2016-10-31;1;11;4;3;6;14;200;;2;65
1;10;141;Solarizada;2016-10-31;2;9;4;3;6;13;150;;3;65.5
1;10;141;Solarizada;2016-10-31;3;10;4;3;6;14;200;;3;67
1;10;141;Solarizada;2016-10-31;4;10;4;3;6;15;240;;3;69.5
1;10;141;Solarizada;2016-10-31;5;11;4;3;6;15;270;;3;77
1;10;141;Solarizada;2016-10-31;6;10;5;3;6;15;170;;3;81
1;10;141;Solarizada;2016-10-31;7;11;5;4;6;16;300;;3;80.5
1;10;141;Solarizada;2016-10-31;8;7;5;2;6;17;170;;3;67
1;10;141;Solarizada;2016-10-31;9;10;4;3;6;17;300;;3;67
1;10;141;Solarizada;2016-10-31;10;9;4;2;6;17;170;;3;73.5
1;10;141;Solarizada;2016-10-31;11;10;4;3;6;17;200;;3;78.5
1;10;141;Solarizada;2016-10-31;12;10;4;3;6;17;290;;3;75
1;10;141;Solarizada;2016-10-31;13;9;4;2;6;14;270;;3;75.5
1;10;141;Solarizada;2016-10-31;14;11;4;3;6;14;220;;3;74.5
1;10;141;Solarizada;2016-10-31;15;9;4;3;6;13;300;;2;78.5
1;10;141;Solarizada;2016-10-31;16;7;4;3;6;14;290;;3;77.5
1;10;141;Solarizada;2016-10-31;17;7;4;3;6;14;240;;3;71
1;10;141;Solarizada;2016-10-31;18;9;4;3;6;13;270;;3;68.5
1;10;141;Solarizada;2016-10-31;19;7;4;3;6;12;240;;5;73
1;10;141;Solarizada;2016-10-31;20;11;4;3;7;10;200;;3;68
1;10;141;Solarizada;2016-10-31;21;9;4;3;7;10;310;;3;65.5
1;10;141;Solarizada;2016-10-31;22;7;4;3;6;12;260;;3;66
1;10;141;Solarizada;2016-10-31;23;7;4;3;6;10;240;;3;80
1;10;141;Solarizada;2016-11-02;1;11;5;2;6;12;200;;3;67
1;10;141;Solarizada;2016-11-02;2;10;5;2;6;17;210;;3;67
1;10;141;Solarizada;2016-11-02;3;10;5;2;6;13;200;;3;71
1;10;141;Solarizada;2016-11-02;4;10;4;2;7;17;205;;4;72.5
1;10;141;Solarizada;2016-11-02;5;12;4;2;7;15;220;;3;72.5
1;10;142;Basamid;2016-10-27;1;10;4;2;6;17;305;;3;66
1;10;142;Basamid;2016-10-27;2;10;4;2;6;15;275;;3;77
1;10;142;Basamid;2016-10-27;3;10;4;2;6;14;270;;3;73.5
1;10;142;Basamid;2016-10-27;4;10;4;2;6;15;290;;3;64.5
1;10;142;Basamid;2016-10-27;5;10;4;2;6;15;310;;3;68.5
1;10;142;Basamid;2016-10-27;6;10;4;2;6;16;320;;3;76.5
1;10;142;Basamid;2016-10-27;7;10;4;2;6;17;260;;3;64.5
1;10;142;Basamid;2016-10-27;8;10;4;2;6;15;290;;3;69
1;10;142;Basamid;2016-10-27;9;8;4;2;6;11;250;;2;69
1;10;142;Basamid;2016-10-27;10;11;4;3;6;10;260;;3;72
1;10;142;Basamid;2016-10-27;11;10;4;2;6;13;280;;3;72
1;10;142;Basamid;2016-10-27;12;8;4;2;7;12;260;;4;74.5
1;10;142;Basamid;2016-10-27;13;8;4;2;7;11;270;;3;75
1;10;142;Basamid;2016-10-27;14;9;4;2;7;14;250;;3;72
1;10;142;Basamid;2016-10-27;15;10;4;3;7;16;270;;4;74.5
1;10;142;Basamid;2016-10-27;16;10;4;2;7;17;300;;3;71
1;10;142;Basamid;2016-10-27;17;9;4;2;6;18;250;;5;76
1;10;142;Basamid;2016-10-27;18;10;4;2;6;18;270;;3;65.5
1;10;142;Basamid;2016-10-27;19;10;4;2;6;19;270;;3;68
1;10;142;Basamid;2016-10-27;20;10;4;2;6;16;300;;3;74.5
1;10;142;Basamid;2016-10-27;21;10;4;2;6;10;280;;4;75
1;10;142;Basamid;2016-10-27;22;10;4;2;6;16;270;;3;66
1;10;142;Basamid;2016-10-27;23;10;4;2;7;17;290;;4;79.5
1;10;142;Basamid;2016-10-28;1;10;4;2;6;19;270;;3;76
1;10;142;Basamid;2016-10-28;2;10;4;2;6;16;300;;3;65.5
1;10;142;Basamid;2016-10-28;3;10;4;2;6;10;280;;4;68
1;10;142;Basamid;2016-10-28;4;10;4;2;6;16;270;;3;74.5
1;10;142;Basamid;2016-10-28;5;10;4;2;7;17;290;;4;75
1;10;142;Basamid;2016-10-28;6;10;4;2;6;16;270;;3;66
1;10;142;Basamid;2016-10-28;7;10;4;3;6;15;200;;4;73
1;10;142;Basamid;2016-10-28;8;10;4;2;6;15;300;;3;79.5
1;10;142;Basamid;2016-10-28;9;10;4;2;6;15;370;;3;78
1;10;142;Basamid;2016-10-28;10;10;4;2;6;16;300;;3;72.5
1;10;142;Basamid;2016-10-28;11;10;4;2;6;15;310;;3;71.5
1;10;142;Basamid;2016-10-28;12;10;4;2;6;17;280;;3;72.5
1;10;142;Basamid;2016-10-28;13;10;4;2;6;14;250;;3;67
1;10;142;Basamid;2016-10-28;14;10;4;2;6;15;280;;3;67
1;10;142;Basamid;2016-10-28;15;10;4;2;6;16;290;;3;79.5
1;10;142;Basamid;2016-10-28;16;10;4;2;6;17;305;;3;75.5
1;10;142;Basamid;2016-10-28;17;10;4;2;6;15;275;;3;63
1;10;142;Basamid;2016-10-28;18;10;4;2;6;14;270;;3;66
1;10;142;Basamid;2016-10-28;19;10;4;2;6;15;290;;3;77
1;10;142;Basamid;2016-10-28;20;10;4;2;6;15;310;;3;73.5
1;10;142;Basamid;2016-10-28;21;10;4;2;6;16;320;;3;64.5
1;10;142;Basamid;2016-10-28;22;10;4;2;6;17;260;;3;68.5
1;10;142;Basamid;2016-10-28;23;10;4;2;6;15;290;;3;76.5
1;10;142;Basamid;2016-10-29;1;8;4;2;6;11;250;;2;64.5
1;10;142;Basamid;2016-10-29;2;11;4;3;6;10;260;;3;69
1;10;142;Basamid;2016-10-29;3;10;4;2;6;13;280;;3;69
1;10;142;Basamid;2016-10-29;4;8;4;2;7;12;260;;4;72
1;10;142;Basamid;2016-10-29;5;8;4;2;7;11;270;;3;72
1;10;142;Basamid;2016-10-29;6;9;4;2;7;14;250;;3;74.5
1;10;142;Basamid;2016-10-29;7;10;4;3;7;16;270;;4;75
1;10;142;Basamid;2016-10-29;8;10;4;2;7;17;300;;3;72
1;10;142;Basamid;2016-10-29;9;9;4;2;6;18;250;;5;74.5
1;10;142;Basamid;2016-10-29;10;10;4;2;6;18;270;;3;71
1;10;142;Basamid;2016-10-29;11;8;4;2;6;18;250;;4;78
1;10;142;Basamid;2016-10-29;12;10;4;2;6;15;295;;5;77.5
1;10;142;Basamid;2016-10-29;13;8;4;2;6;18;250;;4;75.5
1;10;142;Basamid;2016-10-29;14;10;4;3;6;18;300;;3;79.5
1;10;142;Basamid;2016-10-29;15;10;4;3;6;14;270;;5;79.5
1;10;142;Basamid;2016-10-29;16;9;4;3;6;16;240;;3;81.5
1;10;142;Basamid;2016-10-29;17;10;3;3;6;16;260;;4;76
1;10;142;Basamid;2016-10-29;18;10;4;2;6;16;300;;3;73
1;10;142;Basamid;2016-10-29;19;7;4;2;6;18;280;;3;76.5
1;10;142;Basamid;2016-10-29;20;10;4;2;6;19;240;;4;70
1;10;142;Basamid;2016-10-29;21;10;4;3;6;17;270;;4;79
1;10;142;Basamid;2016-10-29;22;11;4;3;6;16;310;;4;70.5
1;10;142;Basamid;2016-10-29;23;10;4;3;6;14;310;;3;78.5
1;10;142;Basamid;2016-10-31;1;10;4;3;6;19;240;;2;74.5
1;10;142;Basamid;2016-10-31;2;11;4;3;6;17;300;;3;70.5
1;10;142;Basamid;2016-10-31;3;8;4;3;6;16;220;;2;63.5
1;10;142;Basamid;2016-10-31;4;7;4;4;6;14;290;;3;62.5
1;10;142;Basamid;2016-10-31;5;11;4;2;6;16;310;;4;64.5
1;10;142;Basamid;2016-10-31;6;7;4;3;6;16;240;;2;71.5
1;10;142;Basamid;2016-10-31;7;7;4;3;7;17;210;;3;75.5
1;10;142;Basamid;2016-10-31;8;7;5;3;7;17;270;;3;68.5
1;10;142;Basamid;2016-10-31;9;10;4;3;7;18;300;;3;69
1;10;142;Basamid;2016-10-31;10;7;4;3;6;14;270;;3;62.5
1;10;142;Basamid;2016-10-31;11;10;4;3;6;12;290;;3;74
1;10;142;Basamid;2016-10-31;12;10;4;4;6;13;260;;3;68
1;10;142;Basamid;2016-10-31;13;7;4;2;6;15;240;;3;68.5
1;10;142;Basamid;2016-10-31;14;10;4;3;6;16;300;;3;77
1;10;142;Basamid;2016-10-31;15;8;4;3;6;16;220;;4;77.5
1;10;142;Basamid;2016-10-31;16;10;4;3;6;17;260;;2;75.5
1;10;142;Basamid;2016-10-31;17;10;4;3;6;18;300;;3;78.5
1;10;142;Basamid;2016-10-31;18;7;4;4;6;13;220;;3;76
1;10;142;Basamid;2016-10-31;19;10;4;3;6;14;300;;3;67
1;10;142;Basamid;2016-10-31;20;10;4;4;6;15;220;;4;69
1;10;142;Basamid;2016-10-31;21;7;4;4;6;16;260;;3;65.5
1;10;142;Basamid;2016-10-31;22;10;4;5;6;17;310;;4;65
1;10;142;Basamid;2016-10-31;23;11;4;3;6;16;280;;4;69
1;10;142;Basamid;2016-11-02;1;10;4;2;6;19;250;;3;71
1;10;142;Basamid;2016-11-02;2;13;4;3;6;17;270;;3;73.5
1;10;142;Basamid;2016-11-02;3;12;4;3;6;17;210;;4;66
1;10;142;Basamid;2016-11-02;4;10;4;3;6;17;290;;4;65
1;10;142;Basamid;2016-11-02;5;13;4;3;6;17;310;;4;68
1;10;142;Basamid;2016-11-02;6;12;4;3;6;14;270;;4;68
1;10;142;Basamid;2016-11-02;7;10;4;3;6;14;200;;4;78.5
1;10;142;Basamid;2016-11-02;8;12;4;2;6;15;310;;2;62.5
1;10;142;Basamid;2016-11-02;9;10;4;3;6;17;260;;3;69
1;10;142;Basamid;2016-11-02;10;10;4;4;6;17;200;;3;64.5
1;10;142;Basamid;2016-11-02;11;9;4;3;6;17;255;;3;77.5
1;10;142;Basamid;2016-11-02;12;12;4;3;6;17;270;;3;69
1;10;142;Basamid;2016-11-02;13;10;4;2;7;17;210;;4;68.5
1;10;142;Basamid;2016-11-02;14;7;4;2;7;17;290;;3;68
1;10;142;Basamid;2016-11-02;15;7;4;2;7;17;310;;3;71.5
1;10;142;Basamid;2016-11-02;16;7;4;2;6;17;270;;3;71
1;10;142;Basamid;2016-11-02;17;10;4;2;6;18;200;;3;65
1;10;142;Basamid;2016-11-02;18;12;4;2;6;19;310;;3;70.5
1;10;142;Basamid;2016-11-02;19;10;4;3;6;19;290;;3;65.5
1;10;142;Basamid;2016-11-02;20;12;4;3;6;18;310;;3;81.5
1;10;142;Basamid;2016-11-02;21;10;4;3;6;14;270;;3;70
1;10;142;Basamid;2016-11-02;22;10;4;3;6;14;200;;3;70
1;10;142;Basamid;2016-11-02;23;10;4;3;6;15;310;;4;71.5
1;10;143;Hongos;2016-10-27;1;10;4;2;6;16;200;;3;70
1;10;143;Hongos;2016-10-27;2;10;3;2;6;14;290;;3;64.5
1;10;143;Hongos;2016-10-27;3;10;4;3;7;16;305;;3;65.5
1;10;143;Hongos;2016-10-27;4;10;6;2;7;12;310;;3;64.5
1;10;143;Hongos;2016-10-27;5;10;7;3;7;12;310;;3;71
1;10;143;Hongos;2016-10-27;6;10;5;2;6;15;280;;3;65.5
1;10;143;Hongos;2016-10-27;7;10;4;2;7;10;290;;4;64.5
1;10;143;Hongos;2016-10-27;8;10;4;2;7;17;300;;2;62.5
1;10;143;Hongos;2016-10-27;9;10;4;2;7;17;270;;3;68.5
1;10;143;Hongos;2016-10-27;10;10;4;2;6;10;290;;3;61.5
1;10;143;Hongos;2016-10-27;11;10;4;2;6;12;305;;3;61
1;10;143;Hongos;2016-10-27;12;10;4;2;6;10;280;;3;68
1;10;143;Hongos;2016-10-27;13;10;4;2;6;13;305;;3;66.5
1;10;143;Hongos;2016-10-27;14;10;5;2;6;17;290;;3;69.5
1;10;143;Hongos;2016-10-27;15;10;4;2;6;15;270;;3;73
1;10;143;Hongos;2016-10-27;16;10;5;2;6;17;250;;4;71.5
1;10;143;Hongos;2016-10-27;17;10;5;2;6;16;240;;4;67
1;10;143;Hongos;2016-10-27;18;10;4;3;6;12;270;;3;71.5
1;10;143;Hongos;2016-10-27;19;10;5;3;6;15;270;;5;70
1;10;143;Hongos;2016-10-27;20;10;5;3;6;13;300;;3;71
1;10;143;Hongos;2016-10-27;21;10;4;3;6;14;260;;4;69
1;10;143;Hongos;2016-10-27;22;10;4;2;7;15;280;;3;67
1;10;143;Hongos;2016-10-27;23;10;4;2;6;12;290;;3;64.5
1;10;143;Hongos;2016-10-28;1;10;4;2;6;12;290;;3;64.5
1;10;143;Hongos;2016-10-28;2;10;4;2;6;15;300;;3;67
1;10;143;Hongos;2016-10-28;3;10;4;2;6;17;260;;3;72
1;10;143;Hongos;2016-10-28;4;10;5;2;6;14;290;;5;70.5
1;10;143;Hongos;2016-10-28;5;10;4;2;6;17;300;;3;65.5
1;10;143;Hongos;2016-10-28;6;10;5;2;6;10;260;;4;68
1;10;143;Hongos;2016-10-28;7;10;4;2;6;17;200;;3;68.5
1;10;143;Hongos;2016-10-28;8;10;4;2;6;17;270;;3;68
1;10;143;Hongos;2016-10-28;9;10;4;2;6;14;280;;3;71
1;10;143;Hongos;2016-10-28;10;10;4;2;6;16;200;;3;70
1;10;143;Hongos;2016-10-28;11;10;3;2;6;14;290;;3;64.5
1;10;143;Hongos;2016-10-28;12;10;4;3;7;16;305;;3;65.5
1;10;143;Hongos;2016-10-28;13;10;6;2;7;12;310;;3;64.5
1;10;143;Hongos;2016-10-28;14;10;7;3;7;12;310;;3;71
1;10;143;Hongos;2016-10-28;15;10;5;2;6;15;280;;3;65.5
1;10;143;Hongos;2016-10-28;16;10;4;2;7;10;290;;4;64.5
1;10;143;Hongos;2016-10-28;17;10;4;2;7;17;300;;2;62.5
1;10;143;Hongos;2016-10-28;18;10;4;2;7;17;270;;3;68.5
1;10;143;Hongos;2016-10-28;19;10;4;2;6;10;290;;3;61.5
1;10;143;Hongos;2016-10-28;20;10;4;2;6;12;305;;3;61
1;10;143;Hongos;2016-10-28;21;10;4;2;6;10;280;;3;68
1;10;143;Hongos;2016-10-28;22;10;4;2;6;13;305;;3;66.5
1;10;143;Hongos;2016-10-28;23;10;5;2;6;17;290;;3;69.5
1;10;143;Hongos;2016-10-29;1;10;4;2;6;15;270;;3;73
1;10;143;Hongos;2016-10-29;2;10;5;2;6;17;250;;4;71.5
1;10;143;Hongos;2016-10-29;3;10;5;2;6;16;240;;4;67
1;10;143;Hongos;2016-10-29;4;10;4;3;6;12;270;;3;71.5
1;10;143;Hongos;2016-10-29;5;10;5;3;6;15;270;;5;70
1;10;143;Hongos;2016-10-29;6;10;5;3;6;13;300;;3;71
1;10;143;Hongos;2016-10-29;7;10;4;3;6;14;260;;4;69
1;10;143;Hongos;2016-10-29;8;10;4;2;7;15;280;;3;67
1;10;143;Hongos;2016-10-29;9;10;4;2;7;13;300;;3;68.5
1;10;143;Hongos;2016-10-29;10;9;4;2;7;13;270;;3;68.5
1;10;143;Hongos;2016-10-29;11;8;4;3;6;12;240;;3;66.5
1;10;143;Hongos;2016-10-29;12;10;4;3;7;12;270;;4;73.5
1;10;143;Hongos;2016-10-29;13;10;4;3;7;19;300;;3;61
1;10;143;Hongos;2016-10-29;14;10;4;3;7;10;310;;5;56.5
1;10;143;Hongos;2016-10-29;15;10;4;2;6;17;240;;3;61
1;10;143;Hongos;2016-10-29;16;10;4;3;6;15;270;;3;67
1;10;143;Hongos;2016-10-29;17;9;4;2;6;13;250;;4;60
1;10;143;Hongos;2016-10-29;18;8;4;3;6;17;260;;3;73
1;10;143;Hongos;2016-10-29;19;10;4;2;6;13;270;;4;72.5
1;10;143;Hongos;2016-10-29;20;10;4;3;6;12;260;;3;64
1;10;143;Hongos;2016-10-29;21;8;4;3;6;10;240;;3;68
1;10;143;Hongos;2016-10-29;22;10;4;2;6;13;270;;3;69.5
1;10;143;Hongos;2016-10-29;23;10;4;3;6;13;250;;3;68.5
1;10;143;Hongos;2016-10-31;1;10;4;3;6;16;250;;2;65
1;10;143;Hongos;2016-10-31;2;9;4;3;6;16;240;;2;63.5
1;10;143;Hongos;2016-10-31;3;7;4;3;6;16;220;;3;65.5
1;10;143;Hongos;2016-10-31;4;9;4;3;7;17;230;;2;62.5
1;10;143;Hongos;2016-10-31;5;10;4;3;7;17;240;;2;66
1;10;143;Hongos;2016-10-31;6;10;4;3;7;16;250;;3;69.5
1;10;143;Hongos;2016-10-31;7;10;3;4;6;18;270;;3;63
1;10;143;Hongos;2016-10-31;8;11;4;4;7;15;300;;3;65
1;10;143;Hongos;2016-10-31;9;11;4;3;7;14;280;;2;80
1;10;143;Hongos;2016-10-31;10;11;4;3;7;16;310;;2;66
1;10;143;Hongos;2016-10-31;11;10;6;3;6;19;310;;3;73
1;10;143;Hongos;2016-10-31;12;11;4;2;6;19;270;;4;74
1;10;143;Hongos;2016-10-31;13;9;4;5;6;17;300;;1;72
1;10;143;Hongos;2016-10-31;14;10;5;3;6;17;240;;3;76
1;10;143;Hongos;2016-10-31;15;10;4;3;6;16;270;;2;70
1;10;143;Hongos;2016-10-31;16;8;4;3;6;16;310;;2;75
1;10;143;Hongos;2016-10-31;17;10;4;3;6;17;280;;1;76.5
1;10;143;Hongos;2016-10-31;18;10;4;3;6;18;350;;3;74.5
1;10;143;Hongos;2016-10-31;19;11;4;3;6;17;260;;3;73.5
1;10;143;Hongos;2016-10-31;20;9;6;3;7;16;310;;4;72
1;10;143;Hongos;2016-10-31;21;10;4;3;8;20;270;;3;71.5
1;10;143;Hongos;2016-10-31;22;10;4;3;7;16;250;;3;73.5
1;10;143;Hongos;2016-10-31;23;10;4;3;6;19;310;;3;73.5
1;10;143;Hongos;2016-11-02;1;10;4;2;7;15;220;;3;73.5
1;10;143;Hongos;2016-11-02;2;11;4;3;7;15;205;;3;68
1;10;143;Hongos;2016-11-02;3;9;4;3;6;14;300;;3;68
1;10;143;Hongos;2016-11-02;4;10;4;3;6;16;240;;4;65
1;10;143;Hongos;2016-11-02;5;9;4;3;6;16;238;;4;66
1;10;143;Hongos;2016-11-02;6;10;4;3;6;16;255;;4;66.5
1;10;143;Hongos;2016-11-02;7;8;4;3;6;16;240;;3;68
1;10;143;Hongos;2016-11-02;8;10;4;2;6;17;268;;3;76
1;10;143;Hongos;2016-11-02;9;7;4;2;6;17;220;;3;79
1;10;143;Hongos;2016-11-02;10;12;4;2;6;15;250;;3;80.5
1;10;143;Hongos;2016-11-02;11;11;4;3;6;15;300;;3;85.5
1;10;143;Hongos;2016-11-02;12;10;4;3;6;14;320;;3;67.5
1;10;143;Hongos;2016-11-02;13;9;4;3;6;12;249;;3;66
1;10;143;Hongos;2016-11-02;14;10;4;3;6;12;250;;3;64
1;10;143;Hongos;2016-11-02;15;7;4;2;7;17;255;;3;62
1;10;143;Hongos;2016-11-02;16;7;4;2;7;17;240;;3;63.5
1;10;143;Hongos;2016-11-02;17;7;4;2;7;17;268;;3;63.5
1;10;143;Hongos;2016-11-02;18;7;4;2;6;17;220;;3;77
1;10;143;Hongos;2016-11-02;19;7;4;2;7;17;226.5;;3;80
1;10;143;Hongos;2016-11-02;20;7;4;3;6;15;218.8;;3;75.5
1;10;143;Hongos;2016-11-02;21;7;4;2;6;15;211.1;;3;70.5
1;10;143;Hongos;2016-11-02;22;7;4;3;6;15;203.4;;3;68
1;10;143;Hongos;2016-11-02;23;7;4;2;6;17;195.7;;3;66
1;10;144;Nada;2016-10-27;1;10;5;2;6;19;310;;5;74
1;10;144;Nada;2016-10-27;2;10;4;3;6;14;290;;3;72.5
1;10;144;Nada;2016-10-27;3;10;4;2;6;15;270;;3;72
1;10;144;Nada;2016-10-27;4;10;4;2;6;15;310;;4;64
1;10;144;Nada;2016-10-27;5;10;4;3;6;14;300;;4;58.5
1;10;144;Nada;2016-10-27;6;10;4;2;6;17;290;;3;43.5
1;10;144;Nada;2016-10-27;7;8;3;2;7;12;250;;3;61.5
1;10;144;Nada;2016-10-27;8;10;4;2;7;17;270;;3;74
1;10;144;Nada;2016-10-27;9;10;4;2;6;14;300;;4;70.5
1;10;144;Nada;2016-10-27;10;10;5;3;7;18;270;;4;64.5
1;10;144;Nada;2016-10-27;11;10;4;2;6;14;280;;4;71
1;10;144;Nada;2016-10-27;12;9;4;2;7;20;260;;3;81
1;10;144;Nada;2016-10-27;13;6;5;2;6;19;295;;3;80.5
1;10;144;Nada;2016-10-27;14;9;4;2;7;13;280;;4;64
1;10;144;Nada;2016-10-27;15;7;4;3;6;20;245;;3;74.5
1;10;144;Nada;2016-10-27;16;8;3;2;7;12;250;;3;61.5
1;10;144;Nada;2016-10-27;17;10;4;2;7;17;270;;3;74
1;10;144;Nada;2016-10-27;18;10;4;2;6;14;300;;4;70.5
1;10;144;Nada;2016-10-27;19;10;5;3;7;18;270;;4;64.5
1;10;144;Nada;2016-10-27;20;10;4;2;6;14;280;;4;71
1;10;144;Nada;2016-10-27;21;9;4;2;7;20;260;;3;81
1;10;144;Nada;2016-10-27;22;6;5;2;6;19;295;;3;80.5
1;10;144;Nada;2016-10-27;23;9;4;2;7;13;280;;4;64
1;10;144;Nada;2016-10-28;1;10;4;2;7;14;300;;3;55.5
1;10;144;Nada;2016-10-28;2;10;4;2;7;13;280;;3;66.5
1;10;144;Nada;2016-10-28;3;10;6;2;6;20;265;;4;75
1;10;144;Nada;2016-10-28;4;10;6;2;6;19;270;;3;78.5
1;10;144;Nada;2016-10-28;5;10;5;3;7;21;305;;5;86
1;10;144;Nada;2016-10-28;6;10;4;2;7;18;280;;4;81.5
1;10;144;Nada;2016-10-28;7;10;5;2;7;20;260;;5;75
1;10;144;Nada;2016-10-28;8;10;5;2;7;17;310;;4;82.5
1;10;144;Nada;2016-10-28;9;10;4;2;6;17;280;;2;83.5
1;10;144;Nada;2016-10-28;10;10;5;3;7;17;270;;3;74
1;10;144;Nada;2016-10-28;11;10;4;2;6;18;300;;3;79
1;10;144;Nada;2016-10-28;12;10;6;2;6;17;280;;2;81
1;10;144;Nada;2016-10-28;13;10;5;3;6;15;310;;3;80
1;10;144;Nada;2016-10-28;14;10;4;2;6;16;260;;3;72.5
1;10;144;Nada;2016-10-28;15;10;5;3;6;20;305;;2;87.5
1;10;144;Nada;2016-10-28;16;10;5;2;6;23;260;;3;82
1;10;144;Nada;2016-10-28;17;10;5;2;6;16;280;;4;84.5
1;10;144;Nada;2016-10-28;18;10;5;2;6;19;310;;5;74
1;10;144;Nada;2016-10-28;19;10;4;3;6;14;290;;3;72.5
1;10;144;Nada;2016-10-28;20;10;4;2;6;15;270;;3;72
1;10;144;Nada;2016-10-28;21;10;4;2;6;15;310;;4;64
1;10;144;Nada;2016-10-28;22;10;4;3;6;14;300;;4;58.5
1;10;144;Nada;2016-10-28;23;10;4;2;6;17;290;;3;43.5
1;10;144;Nada;2016-10-29;1;8;3;2;7;12;250;;3;61.5
1;10;144;Nada;2016-10-29;2;10;4;2;7;17;270;;3;74
1;10;144;Nada;2016-10-29;3;10;4;2;6;14;300;;4;70.5
1;10;144;Nada;2016-10-29;4;10;5;3;7;18;270;;4;64.5
1;10;144;Nada;2016-10-29;5;10;4;2;6;14;280;;4;71
1;10;144;Nada;2016-10-29;6;9;4;2;7;20;260;;3;81
1;10;144;Nada;2016-10-29;7;6;5;2;6;19;295;;3;80.5
1;10;144;Nada;2016-10-29;8;9;4;2;7;13;280;;4;64
1;10;144;Nada;2016-10-29;9;7;4;3;6;20;245;;3;74.5
1;10;144;Nada;2016-10-29;10;10;5;2;6;19;250;;3;77
1;10;144;Nada;2016-10-29;11;9;4;3;6;18;280;;3;80.5
1;10;144;Nada;2016-10-29;12;9;4;3;7;22;260;;4;83
1;10;144;Nada;2016-10-29;13;10;4;3;7;19;300;;4;79
1;10;144;Nada;2016-10-29;14;8;4;2;7;21;240;;4;91
1;10;144;Nada;2016-10-29;15;10;5;3;6;15;275;;4;78.5
1;10;144;Nada;2016-10-29;16;10;4;2;6;18;280;;3;81
1;10;144;Nada;2016-10-29;17;10;4;2;7;25;290;;3;80.5
1;10;144;Nada;2016-10-29;18;9;4;2;7;20;270;;4;90
1;10;144;Nada;2016-10-29;19;8;44;2;6;20;240;;3;87
1;10;144;Nada;2016-10-29;20;10;4;2;6;21;270;;4;84.5
1;10;144;Nada;2016-10-29;21;10;4;2;7;22;295;;4;81.5
1;10;144;Nada;2016-10-29;22;10;5;3;6;22;300;;4;75
1;10;144;Nada;2016-10-29;23;9;5;3;6;15;260;;5;76.5
1;10;144;Nada;2016-10-31;1;9;4;3;6;14;260;;3;75
1;10;144;Nada;2016-10-31;2;10;4;3;6;14;290;;3;68.5
1;10;144;Nada;2016-10-31;3;10;4;3;6;13;300;;3;69
1;10;144;Nada;2016-10-31;4;10;5;3;6;12;310;;3;74
1;10;144;Nada;2016-10-31;5;10;4;3;6;12;260;;3;65
1;10;144;Nada;2016-10-31;6;10;4;2;6;17;290;;3;64
1;10;144;Nada;2016-10-31;7;7;4;4;6;17;260;;3;69.5
1;10;144;Nada;2016-10-31;8;10;4;2;6;17;300;;3;80
1;10;144;Nada;2016-10-31;9;7;4;4;6;17;240;;3;69
1;10;144;Nada;2016-10-31;10;7;4;3;6;16;260;;3;81
1;10;144;Nada;2016-10-31;11;10;4;3;6;16;310;;4;74.5
1;10;144;Nada;2016-10-31;12;7;4;3;6;17;250;;2;76
1;10;144;Nada;2016-10-31;13;9;5;3;7;15;280;;1;67.5
1;10;144;Nada;2016-10-31;14;7;5;4;7;16;250;;3;81.5
1;10;144;Nada;2016-10-31;15;10;4;3;6;17;290;;3;76
1;10;144;Nada;2016-10-31;16;10;4;2;7;14;270;;3;74
1;10;144;Nada;2016-10-31;17;11;4;2;6;14;310;;3;74
1;10;144;Nada;2016-10-31;18;7;4;2;7;16;240;;3;69.5
1;10;144;Nada;2016-10-31;19;7;4;3;6;15;275;;3;66
1;10;144;Nada;2016-10-31;20;10;4;3;7;13;310;;4;71
1;10;144;Nada;2016-10-31;21;7;4;4;6;15;250;;3;71.5
1;10;144;Nada;2016-10-31;22;10;4;3;6;14;300;;5;62
1;10;144;Nada;2016-10-31;23;9;4;3;6;14;240;;4;61.5
1;10;144;Nada;2016-11-02;1;10;4;4;6;15;260;;3;80
1;10;144;Nada;2016-11-02;2;11;4;3;6;14;300;;3;69
1;10;144;Nada;2016-11-02;3;10;4;2;6;14;250;;3;81
1;10;144;Nada;2016-11-02;4;10;4;2;6;13;290;;3;74.5
1;10;144;Nada;2016-11-02;5;10;4;2;7;12;265;;4;76
1;10;144;Nada;2016-11-02;6;10;4;3;7;12;310;;2;67.5
1;10;144;Nada;2016-11-02;7;9;4;3;6;17;255;;1;81.5
1;10;144;Nada;2016-11-02;8;10;5;3;6;17;280;;3;76.5
1;10;144;Nada;2016-11-02;9;7;4;2;6;20;240;;3;75
1;10;144;Nada;2016-11-02;10;7;5;2;6;19;275;;3;68.5
1;10;144;Nada;2016-11-02;11;7;4;2;6;13;280;;3;69
1;10;144;Nada;2016-11-02;12;7;4;2;6;20;290;;3;74
1;10;144;Nada;2016-11-02;13;7;4;3;6;19;270;;3;65
1;10;144;Nada;2016-11-02;14;7;4;3;6;18;240;;3;64
1;10;144;Nada;2016-11-02;15;7;4;3;6;22;270;;5;69.5
1;10;144;Nada;2016-11-02;16;7;4;3;6;19;295;;4;80
1;10;144;Nada;2016-11-02;17;7;4;3;6;21;300;;3;69
1;10;144;Nada;2016-11-02;18;7;4;3;6;15;260;;3;81
1;10;144;Nada;2016-11-02;19;7;5;3;6;18;260;;3;74.5
1;10;144;Nada;2016-11-02;20;7;5;2;6;25;290;;3;64
1;10;144;Nada;2016-11-02;21;7;4;4;6;20;300;;3;69.5
1;10;144;Nada;2016-11-02;22;7;4;2;6;20;300;;3;80
1;10;144;Nada;2016-11-02;23;7;4;3;6;21;300;;3;81
